16;0;-1;16
32;0;0;8;15;0;0;8;15
33;8;0;8;15;0;0;8;15
34;16;0;8;15;0;0;8;15
35;24;0;10;15;0;0;10;15
36;34;0;9;15;0;0;9;15
37;43;0;12;15;0;0;12;15
38;55;0;10;15;0;0;10;15
39;65;0;8;15;0;0;8;15
40;73;0;8;15;0;0;8;15
41;81;0;8;15;0;0;8;15
42;89;0;8;15;0;0;8;15
43;97;0;8;15;0;0;8;15
44;105;0;8;15;0;0;8;15
45;113;0;8;15;0;0;8;15
46;121;0;8;15;0;0;8;15
47;129;0;8;15;0;0;8;15
48;137;0;8;15;0;0;8;15
49;145;0;8;15;0;0;8;15
50;153;0;8;15;0;0;8;15
51;161;0;8;15;0;0;8;15
52;169;0;8;15;0;0;8;15
53;177;0;8;15;0;0;8;15
54;185;0;8;15;0;0;8;15
55;193;0;8;15;0;0;8;15
56;201;0;8;15;0;0;8;15
57;209;0;8;15;0;0;8;15
58;217;0;8;15;0;0;8;15
59;225;0;8;15;0;0;8;15
60;233;0;8;15;0;0;8;15
61;241;0;8;15;0;0;8;15
62;249;0;8;15;0;0;8;15
63;257;0;8;15;0;0;8;15
64;265;0;12;15;0;0;12;15
65;277;0;9;15;0;0;9;15
66;286;0;8;15;0;0;8;15
67;294;0;9;15;0;0;9;15
68;303;0;8;15;0;0;8;15
69;311;0;8;15;0;0;8;15
70;319;0;8;15;0;0;8;15
71;327;0;10;15;0;0;10;15
72;337;0;9;15;0;0;9;15
73;346;0;8;15;0;0;8;15
74;354;0;8;15;0;0;8;15
75;362;0;8;15;0;0;8;15
76;370;0;8;15;0;0;8;15
77;378;0;11;15;0;0;11;15
78;389;0;10;15;0;0;10;15
79;399;0;11;15;0;0;11;15
80;410;0;7;15;0;0;7;15
81;417;0;12;15;0;0;12;15
82;429;0;8;15;0;0;8;15
83;437;0;8;15;0;0;8;15
84;445;0;9;15;0;0;9;15
85;454;0;9;15;0;0;9;15
86;463;0;9;15;0;0;9;15
87;472;0;12;15;0;0;12;15
88;484;0;10;15;0;0;10;15
89;494;0;9;15;0;0;9;15
90;503;0;9;15;0;0;9;15
91;512;0;8;15;0;0;8;15
92;520;0;8;15;0;0;8;15
93;528;0;8;15;0;0;8;15
94;536;0;8;15;0;0;8;15
95;544;0;8;15;0;0;8;15
96;552;0;8;15;0;0;8;15
97;560;0;8;15;0;0;8;15
98;568;0;8;15;0;0;8;15
99;576;0;8;15;0;0;8;15
100;584;0;8;15;0;0;8;15
101;592;0;8;15;0;0;8;15
102;600;0;8;15;0;0;8;15
103;608;0;8;15;0;0;8;15
104;616;0;8;15;0;0;8;15
105;624;0;5;15;0;0;5;15
106;629;0;8;15;0;0;8;15
107;637;0;8;15;0;0;8;15
108;645;0;5;15;0;0;5;15
109;650;0;9;15;0;0;9;15
110;659;0;8;15;0;0;8;15
111;667;0;8;15;0;0;8;15
112;675;0;8;15;0;0;8;15
113;683;0;8;15;0;0;8;15
114;691;0;8;15;0;0;8;15
115;699;0;8;15;0;0;8;15
116;707;0;8;15;0;0;8;15
117;715;0;8;15;0;0;8;15
118;723;0;8;15;0;0;8;15
119;731;0;9;15;0;0;9;15
120;740;0;8;15;0;0;8;15
121;748;0;8;15;0;0;8;15
122;756;0;8;15;0;0;8;15
123;764;0;8;15;0;0;8;15
124;772;0;8;15;0;0;8;15
125;780;0;8;15;0;0;8;15
126;788;0;8;15;0;0;8;15
192;796;0;9;17;0;0;9;17
193;805;0;9;17;0;0;9;17
194;814;0;9;17;0;0;9;17
196;823;0;9;17;0;0;9;17
198;832;0;9;17;0;0;9;17
199;841;0;9;17;0;0;9;17
200;850;0;9;17;0;0;9;17
201;859;0;9;17;0;0;9;17
202;868;0;9;17;0;0;9;17
203;877;0;9;17;0;0;9;17
205;886;0;9;17;0;0;9;17
206;895;0;9;17;0;0;9;17
207;904;0;9;17;0;0;9;17
209;913;0;9;17;0;0;9;17
211;922;0;9;17;0;0;9;17
212;931;0;9;17;0;0;9;17
214;940;0;9;17;0;0;9;17
217;949;0;9;17;0;0;9;17
218;958;0;9;17;0;0;9;17
219;967;0;9;17;0;0;9;17
220;976;0;9;17;0;0;9;17
223;985;0;9;17;0;0;9;17
224;994;0;9;17;0;0;9;17
225;1003;0;9;17;0;0;9;17
226;1012;0;9;17;0;0;9;17
228;1021;0;9;17;0;0;9;17
230;1030;0;9;17;0;0;9;17
231;1039;0;9;17;0;0;9;17
232;1048;0;9;17;0;0;9;17
233;1057;0;9;17;0;0;9;17
234;1066;0;9;17;0;0;9;17
235;1075;0;9;17;0;0;9;17
237;1084;0;9;17;0;0;9;17
238;1093;0;9;17;0;0;9;17
239;1102;0;9;17;0;0;9;17
241;1111;0;9;17;0;0;9;17
243;1120;0;9;17;0;0;9;17
244;1129;0;9;17;0;0;9;17
246;1138;0;9;17;0;0;9;17
249;1147;0;9;17;0;0;9;17
250;1156;0;9;17;0;0;9;17
251;1165;0;9;17;0;0;9;17
252;1174;0;9;17;0;0;9;17
255;1183;0;9;17;0;0;9;17
305;1192;0;9;17;0;0;9;17
338;1201;0;9;17;0;0;9;17
339;1210;0;9;17;0;0;9;17
376;1219;0;9;17;0;0;9;17
183;1228;0;9;17;0;0;9;17
916;1237;0;9;17;0;0;9;17
8212;0;19;15;15;0;0;15;15
8216;15;19;15;15;0;0;15;15
8217;30;19;15;15;0;0;15;15
8220;45;19;15;15;0;0;15;15
8221;60;19;15;15;0;0;15;15
8230;75;19;15;15;0;0;15;15
8592;90;19;15;15;0;0;15;15
8593;105;19;15;15;0;0;15;15
8594;120;19;15;15;0;0;15;15
8595;135;19;15;15;0;0;15;15
12288;150;19;15;15;0;0;15;15
12289;165;19;15;15;0;0;15;15
12290;180;19;15;15;0;0;15;15
12298;195;19;15;15;0;0;15;15
12299;210;19;15;15;0;0;15;15
12300;225;19;15;15;0;0;15;15
12301;240;19;15;15;0;0;15;15
12302;255;19;15;15;0;0;15;15
12303;270;19;15;15;0;0;15;15
12304;285;19;15;15;0;0;15;15
12305;300;19;15;15;0;0;15;15
12308;315;19;15;15;0;0;15;15
12309;330;19;15;15;0;0;15;15
12353;345;19;15;15;0;0;15;15
12354;360;19;15;15;0;0;15;15
12355;375;19;15;15;0;0;15;15
12356;390;19;15;15;0;0;15;15
12357;405;19;15;15;0;0;15;15
12358;420;19;15;15;0;0;15;15
12359;435;19;15;15;0;0;15;15
12360;450;19;15;15;0;0;15;15
12361;465;19;15;15;0;0;15;15
12362;480;19;15;15;0;0;15;15
12363;495;19;15;15;0;0;15;15
12364;510;19;15;15;0;0;15;15
12365;525;19;15;15;0;0;15;15
12366;540;19;15;15;0;0;15;15
12367;555;19;15;15;0;0;15;15
12368;570;19;15;15;0;0;15;15
12369;585;19;15;15;0;0;15;15
12370;600;19;15;15;0;0;15;15
12371;615;19;15;15;0;0;15;15
12372;630;19;15;15;0;0;15;15
12373;645;19;15;15;0;0;15;15
12374;660;19;15;15;0;0;15;15
12375;675;19;15;15;0;0;15;15
12376;690;19;15;15;0;0;15;15
12377;705;19;15;15;0;0;15;15
12378;720;19;15;15;0;0;15;15
12379;735;19;15;15;0;0;15;15
12380;750;19;15;15;0;0;15;15
12381;765;19;15;15;0;0;15;15
12382;780;19;15;15;0;0;15;15
12383;795;19;15;15;0;0;15;15
12384;810;19;15;15;0;0;15;15
12385;825;19;15;15;0;0;15;15
12386;840;19;15;15;0;0;15;15
12387;855;19;15;15;0;0;15;15
12388;870;19;15;15;0;0;15;15
12389;885;19;15;15;0;0;15;15
12390;900;19;15;15;0;0;15;15
12391;915;19;15;15;0;0;15;15
12392;930;19;15;15;0;0;15;15
12393;945;19;15;15;0;0;15;15
12394;960;19;15;15;0;0;15;15
12395;975;19;15;15;0;0;15;15
12396;990;19;15;15;0;0;15;15
12397;1005;19;15;15;0;0;15;15
12398;1020;19;15;15;0;0;15;15
12399;1035;19;15;15;0;0;15;15
12400;1050;19;15;15;0;0;15;15
12401;1065;19;15;15;0;0;15;15
12402;1080;19;15;15;0;0;15;15
12403;1095;19;15;15;0;0;15;15
12404;1110;19;15;15;0;0;15;15
12405;1125;19;15;15;0;0;15;15
12406;1140;19;15;15;0;0;15;15
12407;1155;19;15;15;0;0;15;15
12408;1170;19;15;15;0;0;15;15
12409;1185;19;15;15;0;0;15;15
12410;1200;19;15;15;0;0;15;15
12411;1215;19;15;15;0;0;15;15
12412;1230;19;15;15;0;0;15;15
12413;1245;19;15;15;0;0;15;15
12414;1260;19;15;15;0;0;15;15
12415;1275;19;15;15;0;0;15;15
12416;1290;19;15;15;0;0;15;15
12417;1305;19;15;15;0;0;15;15
12418;1320;19;15;15;0;0;15;15
12419;1335;19;15;15;0;0;15;15
12420;1350;19;15;15;0;0;15;15
12421;1365;19;15;15;0;0;15;15
12422;1380;19;15;15;0;0;15;15
12423;1395;19;15;15;0;0;15;15
12424;1410;19;15;15;0;0;15;15
12425;1425;19;15;15;0;0;15;15
12426;1440;19;15;15;0;0;15;15
12427;1455;19;15;15;0;0;15;15
12428;1470;19;15;15;0;0;15;15
12429;1485;19;15;15;0;0;15;15
12430;1500;19;15;15;0;0;15;15
12431;1515;19;15;15;0;0;15;15
12432;1530;19;15;15;0;0;15;15
12433;1545;19;15;15;0;0;15;15
12434;1560;19;15;15;0;0;15;15
12435;1575;19;15;15;0;0;15;15
12443;1590;19;15;15;0;0;15;15
12444;1605;19;15;15;0;0;15;15
12445;1620;19;15;15;0;0;15;15
12446;1635;19;15;15;0;0;15;15
12449;1650;19;15;15;0;0;15;15
12450;1665;19;15;15;0;0;15;15
12451;1680;19;15;15;0;0;15;15
12452;1695;19;15;15;0;0;15;15
12453;1710;19;15;15;0;0;15;15
12454;1725;19;15;15;0;0;15;15
12455;1740;19;15;15;0;0;15;15
12456;1755;19;15;15;0;0;15;15
12457;1770;19;15;15;0;0;15;15
12458;1785;19;15;15;0;0;15;15
12459;1800;19;15;15;0;0;15;15
12460;1815;19;15;15;0;0;15;15
12461;1830;19;15;15;0;0;15;15
12462;1845;19;15;15;0;0;15;15
12463;1860;19;15;15;0;0;15;15
12464;1875;19;15;15;0;0;15;15
12465;1890;19;15;15;0;0;15;15
12466;1905;19;15;15;0;0;15;15
12467;1920;19;15;15;0;0;15;15
12468;1935;19;15;15;0;0;15;15
12469;1950;19;15;15;0;0;15;15
12470;1965;19;15;15;0;0;15;15
12471;1980;19;15;15;0;0;15;15
12472;1995;19;15;15;0;0;15;15
12473;2010;19;15;15;0;0;15;15
12474;2025;19;15;15;0;0;15;15
12475;0;36;15;15;0;0;15;15
12476;15;36;15;15;0;0;15;15
12477;30;36;15;15;0;0;15;15
12478;45;36;15;15;0;0;15;15
12479;60;36;15;15;0;0;15;15
12480;75;36;15;15;0;0;15;15
12481;90;36;15;15;0;0;15;15
12482;105;36;15;15;0;0;15;15
12483;120;36;15;15;0;0;15;15
12484;135;36;15;15;0;0;15;15
12485;150;36;15;15;0;0;15;15
12486;165;36;15;15;0;0;15;15
12487;180;36;15;15;0;0;15;15
12488;195;36;15;15;0;0;15;15
12489;210;36;15;15;0;0;15;15
12490;225;36;15;15;0;0;15;15
12491;240;36;15;15;0;0;15;15
12492;255;36;15;15;0;0;15;15
12493;270;36;15;15;0;0;15;15
12494;285;36;15;15;0;0;15;15
12495;300;36;15;15;0;0;15;15
12496;315;36;15;15;0;0;15;15
12497;330;36;15;15;0;0;15;15
12498;345;36;15;15;0;0;15;15
12499;360;36;15;15;0;0;15;15
12500;375;36;15;15;0;0;15;15
12501;390;36;15;15;0;0;15;15
12502;405;36;15;15;0;0;15;15
12503;420;36;15;15;0;0;15;15
12504;435;36;15;15;0;0;15;15
12505;450;36;15;15;0;0;15;15
12506;465;36;15;15;0;0;15;15
12507;480;36;15;15;0;0;15;15
12508;495;36;15;15;0;0;15;15
12509;510;36;15;15;0;0;15;15
12510;525;36;15;15;0;0;15;15
12511;540;36;15;15;0;0;15;15
12512;555;36;15;15;0;0;15;15
12513;570;36;15;15;0;0;15;15
12514;585;36;15;15;0;0;15;15
12515;600;36;15;15;0;0;15;15
12516;615;36;15;15;0;0;15;15
12517;630;36;15;15;0;0;15;15
12518;645;36;15;15;0;0;15;15
12519;660;36;15;15;0;0;15;15
12520;675;36;15;15;0;0;15;15
12521;690;36;15;15;0;0;15;15
12522;705;36;15;15;0;0;15;15
12523;720;36;15;15;0;0;15;15
12524;735;36;15;15;0;0;15;15
12525;750;36;15;15;0;0;15;15
12526;765;36;15;15;0;0;15;15
12527;780;36;15;15;0;0;15;15
12528;795;36;15;15;0;0;15;15
12529;810;36;15;15;0;0;15;15
12530;825;36;15;15;0;0;15;15
12531;840;36;15;15;0;0;15;15
12532;855;36;15;15;0;0;15;15
12533;870;36;15;15;0;0;15;15
12534;885;36;15;15;0;0;15;15
12539;900;36;15;15;0;0;15;15
12540;915;36;15;15;0;0;15;15
12541;930;36;15;15;0;0;15;15
12542;945;36;15;15;0;0;15;15
19968;960;36;15;15;0;0;15;15
19969;975;36;15;15;0;0;15;15
19971;990;36;15;15;0;0;15;15
19975;1005;36;15;15;0;0;15;15
19976;1020;36;15;15;0;0;15;15
19977;1035;36;15;15;0;0;15;15
19978;1050;36;15;15;0;0;15;15
19979;1065;36;15;15;0;0;15;15
19981;1080;36;15;15;0;0;15;15
19982;1095;36;15;15;0;0;15;15
19988;1110;36;15;15;0;0;15;15
19990;1125;36;15;15;0;0;15;15
19992;1140;36;15;15;0;0;15;15
19993;1155;36;15;15;0;0;15;15
20001;1170;36;15;15;0;0;15;15
20006;1185;36;15;15;0;0;15;15
20013;1200;36;15;15;0;0;15;15
20018;1215;36;15;15;0;0;15;15
20024;1230;36;15;15;0;0;15;15
20025;1245;36;15;15;0;0;15;15
20027;1260;36;15;15;0;0;15;15
20028;1275;36;15;15;0;0;15;15
20037;1290;36;15;15;0;0;15;15
20047;1305;36;15;15;0;0;15;15
20055;1320;36;15;15;0;0;15;15
20057;1335;36;15;15;0;0;15;15
20061;1350;36;15;15;0;0;15;15
20062;1365;36;15;15;0;0;15;15
20081;1380;36;15;15;0;0;15;15
20083;1395;36;15;15;0;0;15;15
20094;1410;36;15;15;0;0;15;15
20096;1425;36;15;15;0;0;15;15
20102;1440;36;15;15;0;0;15;15
20104;1455;36;15;15;0;0;15;15
20105;1470;36;15;15;0;0;15;15
20107;1485;36;15;15;0;0;15;15
20108;1500;36;15;15;0;0;15;15
20114;1515;36;15;15;0;0;15;15
20116;1530;36;15;15;0;0;15;15
20117;1545;36;15;15;0;0;15;15
20124;1560;36;15;15;0;0;15;15
20129;1575;36;15;15;0;0;15;15
20132;1590;36;15;15;0;0;15;15
20139;1605;36;15;15;0;0;15;15
20140;1620;36;15;15;0;0;15;15
20141;1635;36;15;15;0;0;15;15
20154;1650;36;15;15;0;0;15;15
20161;1665;36;15;15;0;0;15;15
20170;1680;36;15;15;0;0;15;15
20171;1695;36;15;15;0;0;15;15
20175;1710;36;15;15;0;0;15;15
20181;1725;36;15;15;0;0;15;15
20182;1740;36;15;15;0;0;15;15
20184;1755;36;15;15;0;0;15;15
20185;1770;36;15;15;0;0;15;15
20195;1785;36;15;15;0;0;15;15
20196;1800;36;15;15;0;0;15;15
20197;1815;36;15;15;0;0;15;15
20206;1830;36;15;15;0;0;15;15
20208;1845;36;15;15;0;0;15;15
20210;1860;36;15;15;0;0;15;15
20214;1875;36;15;15;0;0;15;15
20219;1890;36;15;15;0;0;15;15
20225;1905;36;15;15;0;0;15;15
20238;1920;36;15;15;0;0;15;15
20239;1935;36;15;15;0;0;15;15
20240;1950;36;15;15;0;0;15;15
20241;1965;36;15;15;0;0;15;15
20250;1980;36;15;15;0;0;15;15
20253;1995;36;15;15;0;0;15;15
20271;2010;36;15;15;0;0;15;15
20276;2025;36;15;15;0;0;15;15
20280;0;53;15;15;0;0;15;15
20282;15;53;15;15;0;0;15;15
20284;30;53;15;15;0;0;15;15
20294;45;53;15;15;0;0;15;15
20301;60;53;15;15;0;0;15;15
20302;75;53;15;15;0;0;15;15
20303;90;53;15;15;0;0;15;15
20304;105;53;15;15;0;0;15;15
20307;120;53;15;15;0;0;15;15
20309;135;53;15;15;0;0;15;15
20313;150;53;15;15;0;0;15;15
20316;165;53;15;15;0;0;15;15
20339;180;53;15;15;0;0;15;15
20341;195;53;15;15;0;0;15;15
20351;210;53;15;15;0;0;15;15
20363;225;53;15;15;0;0;15;15
20365;240;53;15;15;0;0;15;15
20379;255;53;15;15;0;0;15;15
20381;270;53;15;15;0;0;15;15
20385;285;53;15;15;0;0;15;15
20398;300;53;15;15;0;0;15;15
20399;315;53;15;15;0;0;15;15
20405;330;53;15;15;0;0;15;15
20406;345;53;15;15;0;0;15;15
20415;360;53;15;15;0;0;15;15
20418;375;53;15;15;0;0;15;15
20419;390;53;15;15;0;0;15;15
20426;405;53;15;15;0;0;15;15
20439;420;53;15;15;0;0;15;15
20445;435;53;15;15;0;0;15;15
20449;450;53;15;15;0;0;15;15
20462;465;53;15;15;0;0;15;15
20467;480;53;15;15;0;0;15;15
20469;495;53;15;15;0;0;15;15
20472;510;53;15;15;0;0;15;15
20474;525;53;15;15;0;0;15;15
20489;540;53;15;15;0;0;15;15
20491;555;53;15;15;0;0;15;15
20493;570;53;15;15;0;0;15;15
20498;585;53;15;15;0;0;15;15
20505;600;53;15;15;0;0;15;15
20511;615;53;15;15;0;0;15;15
20515;630;53;15;15;0;0;15;15
20516;645;53;15;15;0;0;15;15
20523;660;53;15;15;0;0;15;15
20537;675;53;15;15;0;0;15;15
20553;690;53;15;15;0;0;15;15
20559;705;53;15;15;0;0;15;15
20572;720;53;15;15;0;0;15;15
20581;735;53;15;15;0;0;15;15
20596;750;53;15;15;0;0;15;15
20597;765;53;15;15;0;0;15;15
20598;780;53;15;15;0;0;15;15
20605;795;53;15;15;0;0;15;15
20621;810;53;15;15;0;0;15;15
20625;825;53;15;15;0;0;15;15
20632;840;53;15;15;0;0;15;15
20633;855;53;15;15;0;0;15;15
20652;870;53;15;15;0;0;15;15
20658;885;53;15;15;0;0;15;15
20661;900;53;15;15;0;0;15;15
20663;915;53;15;15;0;0;15;15
20670;930;53;15;15;0;0;15;15
20677;945;53;15;15;0;0;15;15
20685;960;53;15;15;0;0;15;15
20687;975;53;15;15;0;0;15;15
20693;990;53;15;15;0;0;15;15
20698;1005;53;15;15;0;0;15;15
20711;1020;53;15;15;0;0;15;15
20736;1035;53;15;15;0;0;15;15
20740;1050;53;15;15;0;0;15;15
20754;1065;53;15;15;0;0;15;15
20767;1080;53;15;15;0;0;15;15
20778;1095;53;15;15;0;0;15;15
20803;1110;53;15;15;0;0;15;15
20804;1125;53;15;15;0;0;15;15
20805;1140;53;15;15;0;0;15;15
20806;1155;53;15;15;0;0;15;15
20808;1170;53;15;15;0;0;15;15
20809;1185;53;15;15;0;0;15;15
20811;1200;53;15;15;0;0;15;15
20813;1215;53;15;15;0;0;15;15
20816;1230;53;15;15;0;0;15;15
20826;1245;53;15;15;0;0;15;15
20837;1260;53;15;15;0;0;15;15
20840;1275;53;15;15;0;0;15;15
20843;1290;53;15;15;0;0;15;15
20844;1305;53;15;15;0;0;15;15
20845;1320;53;15;15;0;0;15;15
20849;1335;53;15;15;0;0;15;15
20853;1350;53;15;15;0;0;15;15
20855;1365;53;15;15;0;0;15;15
20856;1380;53;15;15;0;0;15;15
20860;1395;53;15;15;0;0;15;15
20869;1410;53;15;15;0;0;15;15
20870;1425;53;15;15;0;0;15;15
20874;1440;53;15;15;0;0;15;15
20877;1455;53;15;15;0;0;15;15
20882;1470;53;15;15;0;0;15;15
20887;1485;53;15;15;0;0;15;15
20889;1500;53;15;15;0;0;15;15
20896;1515;53;15;15;0;0;15;15
20901;1530;53;15;15;0;0;15;15
20908;1545;53;15;15;0;0;15;15
20918;1560;53;15;15;0;0;15;15
20919;1575;53;15;15;0;0;15;15
20932;1590;53;15;15;0;0;15;15
20934;1605;53;15;15;0;0;15;15
20941;1620;53;15;15;0;0;15;15
20957;1635;53;15;15;0;0;15;15
20961;1650;53;15;15;0;0;15;15
20966;1665;53;15;15;0;0;15;15
20982;1680;53;15;15;0;0;15;15
20984;1695;53;15;15;0;0;15;15
20985;1710;53;15;15;0;0;15;15
20986;1725;53;15;15;0;0;15;15
20992;1740;53;15;15;0;0;15;15
20995;1755;53;15;15;0;0;15;15
20998;1770;53;15;15;0;0;15;15
20999;1785;53;15;15;0;0;15;15
21000;1800;53;15;15;0;0;15;15
21002;1815;53;15;15;0;0;15;15
21009;1830;53;15;15;0;0;15;15
21015;1845;53;15;15;0;0;15;15
21021;1860;53;15;15;0;0;15;15
21028;1875;53;15;15;0;0;15;15
21029;1890;53;15;15;0;0;15;15
21033;1905;53;15;15;0;0;15;15
21040;1920;53;15;15;0;0;15;15
21046;1935;53;15;15;0;0;15;15
21047;1950;53;15;15;0;0;15;15
21048;1965;53;15;15;0;0;15;15
21049;1980;53;15;15;0;0;15;15
21050;1995;53;15;15;0;0;15;15
21051;2010;53;15;15;0;0;15;15
21063;2025;53;15;15;0;0;15;15
21066;0;70;15;15;0;0;15;15
21069;15;70;15;15;0;0;15;15
21078;30;70;15;15;0;0;15;15
21083;45;70;15;15;0;0;15;15
21091;60;70;15;15;0;0;15;15
21092;75;70;15;15;0;0;15;15
21103;90;70;15;15;0;0;15;15
21104;105;70;15;15;0;0;15;15
21106;120;70;15;15;0;0;15;15
21109;135;70;15;15;0;0;15;15
21127;150;70;15;15;0;0;15;15
21147;165;70;15;15;0;0;15;15
21151;180;70;15;15;0;0;15;15
21152;195;70;15;15;0;0;15;15
21155;210;70;15;15;0;0;15;15
21161;225;70;15;15;0;0;15;15
21162;240;70;15;15;0;0;15;15
21169;255;70;15;15;0;0;15;15
21172;270;70;15;15;0;0;15;15
21177;285;70;15;15;0;0;15;15
21182;300;70;15;15;0;0;15;15
21187;315;70;15;15;0;0;15;15
21189;330;70;15;15;0;0;15;15
21191;345;70;15;15;0;0;15;15
21193;360;70;15;15;0;0;15;15
21205;375;70;15;15;0;0;15;15
21208;390;70;15;15;0;0;15;15
21209;405;70;15;15;0;0;15;15
21213;420;70;15;15;0;0;15;15
21215;435;70;15;15;0;0;15;15
21218;450;70;15;15;0;0;15;15
21220;465;70;15;15;0;0;15;15
21223;480;70;15;15;0;0;15;15
21234;495;70;15;15;0;0;15;15
21246;510;70;15;15;0;0;15;15
21250;525;70;15;15;0;0;15;15
21253;540;70;15;15;0;0;15;15
21270;555;70;15;15;0;0;15;15
21271;570;70;15;15;0;0;15;15
21280;585;70;15;15;0;0;15;15
21305;600;70;15;15;0;0;15;15
21306;615;70;15;15;0;0;15;15
21307;630;70;15;15;0;0;15;15
21311;645;70;15;15;0;0;15;15
21313;660;70;15;15;0;0;15;15
21315;675;70;15;15;0;0;15;15
21319;690;70;15;15;0;0;15;15
21320;705;70;15;15;0;0;15;15
21322;720;70;15;15;0;0;15;15
21329;735;70;15;15;0;0;15;15
21330;750;70;15;15;0;0;15;15
21331;765;70;15;15;0;0;15;15
21332;780;70;15;15;0;0;15;15
21335;795;70;15;15;0;0;15;15
21336;810;70;15;15;0;0;15;15
21338;825;70;15;15;0;0;15;15
21344;840;70;15;15;0;0;15;15
21360;855;70;15;15;0;0;15;15
21361;870;70;15;15;0;0;15;15
21363;885;70;15;15;0;0;15;15
21364;900;70;15;15;0;0;15;15
21365;915;70;15;15;0;0;15;15
21368;930;70;15;15;0;0;15;15
21380;945;70;15;15;0;0;15;15
21400;960;70;15;15;0;0;15;15
21402;975;70;15;15;0;0;15;15
21407;990;70;15;15;0;0;15;15
21427;1005;70;15;15;0;0;15;15
21435;1020;70;15;15;0;0;15;15
21442;1035;70;15;15;0;0;15;15
21448;1050;70;15;15;0;0;15;15
21450;1065;70;15;15;0;0;15;15
21451;1080;70;15;15;0;0;15;15
21452;1095;70;15;15;0;0;15;15
21453;1110;70;15;15;0;0;15;15
21454;1125;70;15;15;0;0;15;15
21460;1140;70;15;15;0;0;15;15
21462;1155;70;15;15;0;0;15;15
21463;1170;70;15;15;0;0;15;15
21465;1185;70;15;15;0;0;15;15
21475;1200;70;15;15;0;0;15;15
21476;1215;70;15;15;0;0;15;15
21477;1230;70;15;15;0;0;15;15
21483;1245;70;15;15;0;0;15;15
21484;1260;70;15;15;0;0;15;15
21487;1275;70;15;15;0;0;15;15
21488;1290;70;15;15;0;0;15;15
21490;1305;70;15;15;0;0;15;15
21491;1320;70;15;15;0;0;15;15
21495;1335;70;15;15;0;0;15;15
21496;1350;70;15;15;0;0;15;15
21508;1365;70;15;15;0;0;15;15
21512;1380;70;15;15;0;0;15;15
21513;1395;70;15;15;0;0;15;15
21516;1410;70;15;15;0;0;15;15
21517;1425;70;15;15;0;0;15;15
21518;1440;70;15;15;0;0;15;15
21519;1455;70;15;15;0;0;15;15
21520;1470;70;15;15;0;0;15;15
21521;1485;70;15;15;0;0;15;15
21531;1500;70;15;15;0;0;15;15
21535;1515;70;15;15;0;0;15;15
21542;1530;70;15;15;0;0;15;15
21547;1545;70;15;15;0;0;15;15
21560;1560;70;15;15;0;0;15;15
21561;1575;70;15;15;0;0;15;15
21570;1590;70;15;15;0;0;15;15
21576;1605;70;15;15;0;0;15;15
21577;1620;70;15;15;0;0;15;15
21578;1635;70;15;15;0;0;15;15
21608;1650;70;15;15;0;0;15;15
21610;1665;70;15;15;0;0;15;15
21619;1680;70;15;15;0;0;15;15
21628;1695;70;15;15;0;0;15;15
21629;1710;70;15;15;0;0;15;15
21644;1725;70;15;15;0;0;15;15
21682;1740;70;15;15;0;0;15;15
21693;1755;70;15;15;0;0;15;15
21696;1770;70;15;15;0;0;15;15
21697;1785;70;15;15;0;0;15;15
21729;1800;70;15;15;0;0;15;15
21746;1815;70;15;15;0;0;15;15
21754;1830;70;15;15;0;0;15;15
21764;1845;70;15;15;0;0;15;15
21766;1860;70;15;15;0;0;15;15
21767;1875;70;15;15;0;0;15;15
21776;1890;70;15;15;0;0;15;15
21807;1905;70;15;15;0;0;15;15
21809;1920;70;15;15;0;0;15;15
21822;1935;70;15;15;0;0;15;15
21830;1950;70;15;15;0;0;15;15
21839;1965;70;15;15;0;0;15;15
21843;1980;70;15;15;0;0;15;15
21892;1995;70;15;15;0;0;15;15
21897;2010;70;15;15;0;0;15;15
21914;2025;70;15;15;0;0;15;15
21916;0;87;15;15;0;0;15;15
21917;15;87;15;15;0;0;15;15
21929;30;87;15;15;0;0;15;15
21930;45;87;15;15;0;0;15;15
21931;60;87;15;15;0;0;15;15
21942;75;87;15;15;0;0;15;15
21957;90;87;15;15;0;0;15;15
21987;105;87;15;15;0;0;15;15
22022;120;87;15;15;0;0;15;15
22065;135;87;15;15;0;0;15;15
22066;150;87;15;15;0;0;15;15
22120;165;87;15;15;0;0;15;15
22132;180;87;15;15;0;0;15;15
22151;195;87;15;15;0;0;15;15
22234;210;87;15;15;0;0;15;15
22235;225;87;15;15;0;0;15;15
22238;240;87;15;15;0;0;15;15
22240;255;87;15;15;0;0;15;15
22243;270;87;15;15;0;0;15;15
22256;285;87;15;15;0;0;15;15
22258;300;87;15;15;0;0;15;15
22259;315;87;15;15;0;0;15;15
22266;330;87;15;15;0;0;15;15
22269;345;87;15;15;0;0;15;15
22287;360;87;15;15;0;0;15;15
22290;375;87;15;15;0;0;15;15
22303;390;87;15;15;0;0;15;15
22311;405;87;15;15;0;0;15;15
22312;420;87;15;15;0;0;15;15
22320;435;87;15;15;0;0;15;15
22338;450;87;15;15;0;0;15;15
22343;465;87;15;15;0;0;15;15
22346;480;87;15;15;0;0;15;15
22353;495;87;15;15;0;0;15;15
22378;510;87;15;15;0;0;15;15
22402;525;87;15;15;0;0;15;15
22411;540;87;15;15;0;0;15;15
22435;555;87;15;15;0;0;15;15
22475;570;87;15;15;0;0;15;15
22478;585;87;15;15;0;0;15;15
22495;600;87;15;15;0;0;15;15
22519;615;87;15;15;0;0;15;15
22521;630;87;15;15;0;0;15;15
22522;645;87;15;15;0;0;15;15
22524;660;87;15;15;0;0;15;15
22528;675;87;15;15;0;0;15;15
22530;690;87;15;15;0;0;15;15
22533;705;87;15;15;0;0;15;15
22534;720;87;15;15;0;0;15;15
22549;735;87;15;15;0;0;15;15
22564;750;87;15;15;0;0;15;15
22570;765;87;15;15;0;0;15;15
22577;780;87;15;15;0;0;15;15
22580;795;87;15;15;0;0;15;15
22592;810;87;15;15;0;0;15;15
22593;825;87;15;15;0;0;15;15
22602;840;87;15;15;0;0;15;15
22609;855;87;15;15;0;0;15;15
22612;870;87;15;15;0;0;15;15
22615;885;87;15;15;0;0;15;15
22618;900;87;15;15;0;0;15;15
22622;915;87;15;15;0;0;15;15
22633;930;87;15;15;0;0;15;15
22654;945;87;15;15;0;0;15;15
22659;960;87;15;15;0;0;15;15
22675;975;87;15;15;0;0;15;15
22679;990;87;15;15;0;0;15;15
22684;1005;87;15;15;0;0;15;15
22696;1020;87;15;15;0;0;15;15
22707;1035;87;15;15;0;0;15;15
22718;1050;87;15;15;0;0;15;15
22721;1065;87;15;15;0;0;15;15
22727;1080;87;15;15;0;0;15;15
22730;1095;87;15;15;0;0;15;15
22732;1110;87;15;15;0;0;15;15
22763;1125;87;15;15;0;0;15;15
22766;1140;87;15;15;0;0;15;15
22768;1155;87;15;15;0;0;15;15
22769;1170;87;15;15;0;0;15;15
22770;1185;87;15;15;0;0;15;15
22793;1200;87;15;15;0;0;15;15
22799;1215;87;15;15;0;0;15;15
22805;1230;87;15;15;0;0;15;15
22806;1245;87;15;15;0;0;15;15
22810;1260;87;15;15;0;0;15;15
22812;1275;87;15;15;0;0;15;15
22818;1290;87;15;15;0;0;15;15
22823;1305;87;15;15;0;0;15;15
22825;1320;87;15;15;0;0;15;15
22826;1335;87;15;15;0;0;15;15
22827;1350;87;15;15;0;0;15;15
22830;1365;87;15;15;0;0;15;15
22833;1380;87;15;15;0;0;15;15
22855;1395;87;15;15;0;0;15;15
22856;1410;87;15;15;0;0;15;15
22857;1425;87;15;15;0;0;15;15
22863;1440;87;15;15;0;0;15;15
22865;1455;87;15;15;0;0;15;15
22868;1470;87;15;15;0;0;15;15
22885;1485;87;15;15;0;0;15;15
22888;1500;87;15;15;0;0;15;15
22890;1515;87;15;15;0;0;15;15
22894;1530;87;15;15;0;0;15;15
22899;1545;87;15;15;0;0;15;15
22900;1560;87;15;15;0;0;15;15
22909;1575;87;15;15;0;0;15;15
22914;1590;87;15;15;0;0;15;15
22915;1605;87;15;15;0;0;15;15
22916;1620;87;15;15;0;0;15;15
22922;1635;87;15;15;0;0;15;15
22934;1650;87;15;15;0;0;15;15
22937;1665;87;15;15;0;0;15;15
22949;1680;87;15;15;0;0;15;15
22952;1695;87;15;15;0;0;15;15
22956;1710;87;15;15;0;0;15;15
22969;1725;87;15;15;0;0;15;15
22971;1740;87;15;15;0;0;15;15
22985;1755;87;15;15;0;0;15;15
22987;1770;87;15;15;0;0;15;15
22995;1785;87;15;15;0;0;15;15
22996;1800;87;15;15;0;0;15;15
23019;1815;87;15;15;0;0;15;15
23035;1830;87;15;15;0;0;15;15
23039;1845;87;15;15;0;0;15;15
23041;1860;87;15;15;0;0;15;15
23064;1875;87;15;15;0;0;15;15
23072;1890;87;15;15;0;0;15;15
23087;1905;87;15;15;0;0;15;15
23110;1920;87;15;15;0;0;15;15
23130;1935;87;15;15;0;0;15;15
23142;1950;87;15;15;0;0;15;15
23167;1965;87;15;15;0;0;15;15
23186;1980;87;15;15;0;0;15;15
23195;1995;87;15;15;0;0;15;15
23233;2010;87;15;15;0;0;15;15
23241;2025;87;15;15;0;0;15;15
23244;0;104;15;15;0;0;15;15
23265;15;104;15;15;0;0;15;15
23330;30;104;15;15;0;0;15;15
23376;45;104;15;15;0;0;15;15
23380;60;104;15;15;0;0;15;15
23383;75;104;15;15;0;0;15;15
23384;90;104;15;15;0;0;15;15
23389;105;104;15;15;0;0;15;15
23395;120;104;15;15;0;0;15;15
23396;135;104;15;15;0;0;15;15
23398;150;104;15;15;0;0;15;15
23403;165;104;15;15;0;0;15;15
23429;180;104;15;15;0;0;15;15
23431;195;104;15;15;0;0;15;15
23432;210;104;15;15;0;0;15;15
23433;225;104;15;15;0;0;15;15
23436;240;104;15;15;0;0;15;15
23447;255;104;15;15;0;0;15;15
23448;270;104;15;15;0;0;15;15
23449;285;104;15;15;0;0;15;15
23450;300;104;15;15;0;0;15;15
23451;315;104;15;15;0;0;15;15
23452;330;104;15;15;0;0;15;15
23453;345;104;15;15;0;0;15;15
23455;360;104;15;15;0;0;15;15
23458;375;104;15;15;0;0;15;15
23459;390;104;15;15;0;0;15;15
23460;405;104;15;15;0;0;15;15
23470;420;104;15;15;0;0;15;15
23472;435;104;15;15;0;0;15;15
23475;450;104;15;15;0;0;15;15
23476;465;104;15;15;0;0;15;15
23477;480;104;15;15;0;0;15;15
23478;495;104;15;15;0;0;15;15
23481;510;104;15;15;0;0;15;15
23487;525;104;15;15;0;0;15;15
23490;540;104;15;15;0;0;15;15
23492;555;104;15;15;0;0;15;15
23494;570;104;15;15;0;0;15;15
23500;585;104;15;15;0;0;15;15
23506;600;104;15;15;0;0;15;15
23515;615;104;15;15;0;0;15;15
23517;630;104;15;15;0;0;15;15
23519;645;104;15;15;0;0;15;15
23521;660;104;15;15;0;0;15;15
23527;675;104;15;15;0;0;15;15
23529;690;104;15;15;0;0;15;15
23534;705;104;15;15;0;0;15;15
23544;720;104;15;15;0;0;15;15
23546;735;104;15;15;0;0;15;15
23550;750;104;15;15;0;0;15;15
23551;765;104;15;15;0;0;15;15
23553;780;104;15;15;0;0;15;15
23554;795;104;15;15;0;0;15;15
23556;810;104;15;15;0;0;15;15
23558;825;104;15;15;0;0;15;15
23561;840;104;15;15;0;0;15;15
23562;855;104;15;15;0;0;15;15
23563;870;104;15;15;0;0;15;15
23566;885;104;15;15;0;0;15;15
23567;900;104;15;15;0;0;15;15
23569;915;104;15;15;0;0;15;15
23578;930;104;15;15;0;0;15;15
23601;945;104;15;15;0;0;15;15
23610;960;104;15;15;0;0;15;15
23611;975;104;15;15;0;0;15;15
23612;990;104;15;15;0;0;15;15
23613;1005;104;15;15;0;0;15;15
23614;1020;104;15;15;0;0;15;15
23615;1035;104;15;15;0;0;15;15
23616;1050;104;15;15;0;0;15;15
23621;1065;104;15;15;0;0;15;15
23624;1080;104;15;15;0;0;15;15
23626;1095;104;15;15;0;0;15;15
23627;1110;104;15;15;0;0;15;15
23637;1125;104;15;15;0;0;15;15
23646;1140;104;15;15;0;0;15;15
23652;1155;104;15;15;0;0;15;15
23653;1170;104;15;15;0;0;15;15
23663;1185;104;15;15;0;0;15;15
23665;1200;104;15;15;0;0;15;15
23696;1215;104;15;15;0;0;15;15
23713;1230;104;15;15;0;0;15;15
23721;1245;104;15;15;0;0;15;15
23724;1260;104;15;15;0;0;15;15
23731;1275;104;15;15;0;0;15;15
23736;1290;104;15;15;0;0;15;15
23776;1305;104;15;15;0;0;15;15
23777;1320;104;15;15;0;0;15;15
23792;1335;104;15;15;0;0;15;15
23798;1350;104;15;15;0;0;15;15
23815;1365;104;15;15;0;0;15;15
23822;1380;104;15;15;0;0;15;15
23830;1395;104;15;15;0;0;15;15
23849;1410;104;15;15;0;0;15;15
23888;1425;104;15;15;0;0;15;15
24029;1440;104;15;15;0;0;15;15
24030;1455;104;15;15;0;0;15;15
24033;1470;104;15;15;0;0;15;15
24035;1485;104;15;15;0;0;15;15
24037;1500;104;15;15;0;0;15;15
24038;1515;104;15;15;0;0;15;15
24039;1530;104;15;15;0;0;15;15
24040;1545;104;15;15;0;0;15;15
24046;1560;104;15;15;0;0;15;15
24049;1575;104;15;15;0;0;15;15
24059;1590;104;15;15;0;0;15;15
24062;1605;104;15;15;0;0;15;15
24066;1620;104;15;15;0;0;15;15
24067;1635;104;15;15;0;0;15;15
24070;1650;104;15;15;0;0;15;15
24076;1665;104;15;15;0;0;15;15
24093;1680;104;15;15;0;0;15;15
24101;1695;104;15;15;0;0;15;15
24107;1710;104;15;15;0;0;15;15
24109;1725;104;15;15;0;0;15;15
24111;1740;104;15;15;0;0;15;15
24112;1755;104;15;15;0;0;15;15
24115;1770;104;15;15;0;0;15;15
24120;1785;104;15;15;0;0;15;15
24125;1800;104;15;15;0;0;15;15
24133;1815;104;15;15;0;0;15;15
24149;1830;104;15;15;0;0;15;15
24163;1845;104;15;15;0;0;15;15
24178;1860;104;15;15;0;0;15;15
24179;1875;104;15;15;0;0;15;15
24180;1890;104;15;15;0;0;15;15
24184;1905;104;15;15;0;0;15;15
24185;1920;104;15;15;0;0;15;15
24187;1935;104;15;15;0;0;15;15
24188;1950;104;15;15;0;0;15;15
24189;1965;104;15;15;0;0;15;15
24190;1980;104;15;15;0;0;15;15
24193;1995;104;15;15;0;0;15;15
24195;2010;104;15;15;0;0;15;15
24202;2025;104;15;15;0;0;15;15
24207;0;121;15;15;0;0;15;15
24213;15;121;15;15;0;0;15;15
24215;30;121;15;15;0;0;15;15
24220;45;121;15;15;0;0;15;15
24230;60;121;15;15;0;0;15;15
24231;75;121;15;15;0;0;15;15
24235;90;121;15;15;0;0;15;15
24237;105;121;15;15;0;0;15;15
24246;120;121;15;15;0;0;15;15
24247;135;121;15;15;0;0;15;15
24248;150;121;15;15;0;0;15;15
24259;165;121;15;15;0;0;15;15
24265;180;121;15;15;0;0;15;15
24266;195;121;15;15;0;0;15;15
24310;210;121;15;15;0;0;15;15
24311;225;121;15;15;0;0;15;15
24314;240;121;15;15;0;0;15;15
24321;255;121;15;15;0;0;15;15
24324;270;121;15;15;0;0;15;15
24330;285;121;15;15;0;0;15;15
24335;300;121;15;15;0;0;15;15
24336;315;121;15;15;0;0;15;15
24339;330;121;15;15;0;0;15;15
24340;345;121;15;15;0;0;15;15
24341;360;121;15;15;0;0;15;15
24351;375;121;15;15;0;0;15;15
24357;390;121;15;15;0;0;15;15
24358;405;121;15;15;0;0;15;15
24359;420;121;15;15;0;0;15;15
24369;435;121;15;15;0;0;15;15
24373;450;121;15;15;0;0;15;15
24375;465;121;15;15;0;0;15;15
24382;480;121;15;15;0;0;15;15
24403;495;121;15;15;0;0;15;15
24409;510;121;15;15;0;0;15;15
24418;525;121;15;15;0;0;15;15
24425;540;121;15;15;0;0;15;15
24427;555;121;15;15;0;0;15;15
24432;570;121;15;15;0;0;15;15
24433;585;121;15;15;0;0;15;15
24441;600;121;15;15;0;0;15;15
24444;615;121;15;15;0;0;15;15
24448;630;121;15;15;0;0;15;15
24449;645;121;15;15;0;0;15;15
24452;660;121;15;15;0;0;15;15
24453;675;121;15;15;0;0;15;15
24459;690;121;15;15;0;0;15;15
24460;705;121;15;15;0;0;15;15
24464;720;121;15;15;0;0;15;15
24466;735;121;15;15;0;0;15;15
24467;750;121;15;15;0;0;15;15
24471;765;121;15;15;0;0;15;15
24481;780;121;15;15;0;0;15;15
24489;795;121;15;15;0;0;15;15
24490;810;121;15;15;0;0;15;15
24494;825;121;15;15;0;0;15;15
24499;840;121;15;15;0;0;15;15
24500;855;121;15;15;0;0;15;15
24505;870;121;15;15;0;0;15;15
24515;885;121;15;15;0;0;15;15
24517;900;121;15;15;0;0;15;15
24524;915;121;15;15;0;0;15;15
24525;930;121;15;15;0;0;15;15
24535;945;121;15;15;0;0;15;15
24536;960;121;15;15;0;0;15;15
24537;975;121;15;15;0;0;15;15
24540;990;121;15;15;0;0;15;15
24544;1005;121;15;15;0;0;15;15
24555;1020;121;15;15;0;0;15;15
24565;1035;121;15;15;0;0;15;15
24594;1050;121;15;15;0;0;15;15
24598;1065;121;15;15;0;0;15;15
24605;1080;121;15;15;0;0;15;15
24608;1095;121;15;15;0;0;15;15
24613;1110;121;15;15;0;0;15;15
24615;1125;121;15;15;0;0;15;15
24616;1140;121;15;15;0;0;15;15
24618;1155;121;15;15;0;0;15;15
24651;1170;121;15;15;0;0;15;15
24656;1185;121;15;15;0;0;15;15
24658;1200;121;15;15;0;0;15;15
24675;1215;121;15;15;0;0;15;15
24677;1230;121;15;15;0;0;15;15
24680;1245;121;15;15;0;0;15;15
24681;1260;121;15;15;0;0;15;15
24685;1275;121;15;15;0;0;15;15
24687;1290;121;15;15;0;0;15;15
24693;1305;121;15;15;0;0;15;15
24724;1320;121;15;15;0;0;15;15
24735;1335;121;15;15;0;0;15;15
24736;1350;121;15;15;0;0;15;15
24739;1365;121;15;15;0;0;15;15
24742;1380;121;15;15;0;0;15;15
24745;1395;121;15;15;0;0;15;15
24746;1410;121;15;15;0;0;15;15
24754;1425;121;15;15;0;0;15;15
24764;1440;121;15;15;0;0;15;15
24773;1455;121;15;15;0;0;15;15
24785;1470;121;15;15;0;0;15;15
24796;1485;121;15;15;0;0;15;15
24807;1500;121;15;15;0;0;15;15
24808;1515;121;15;15;0;0;15;15
24816;1530;121;15;15;0;0;15;15
24819;1545;121;15;15;0;0;15;15
24833;1560;121;15;15;0;0;15;15
24841;1575;121;15;15;0;0;15;15
24847;1590;121;15;15;0;0;15;15
24858;1605;121;15;15;0;0;15;15
24859;1620;121;15;15;0;0;15;15
24863;1635;121;15;15;0;0;15;15
24900;1650;121;15;15;0;0;15;15
24904;1665;121;15;15;0;0;15;15
24907;1680;121;15;15;0;0;15;15
24908;1695;121;15;15;0;0;15;15
24910;1710;121;15;15;0;0;15;15
24917;1725;121;15;15;0;0;15;15
24930;1740;121;15;15;0;0;15;15
24931;1755;121;15;15;0;0;15;15
24936;1770;121;15;15;0;0;15;15
24942;1785;121;15;15;0;0;15;15
24944;1800;121;15;15;0;0;15;15
24950;1815;121;15;15;0;0;15;15
24962;1830;121;15;15;0;0;15;15
24974;1845;121;15;15;0;0;15;15
24996;1860;121;15;15;0;0;15;15
24999;1875;121;15;15;0;0;15;15
25001;1890;121;15;15;0;0;15;15
25004;1905;121;15;15;0;0;15;15
25010;1920;121;15;15;0;0;15;15
25014;1935;121;15;15;0;0;15;15
25022;1950;121;15;15;0;0;15;15
25031;1965;121;15;15;0;0;15;15
25040;1980;121;15;15;0;0;15;15
25074;1995;121;15;15;0;0;15;15
25080;2010;121;15;15;0;0;15;15
25104;2025;121;15;15;0;0;15;15
25105;0;138;15;15;0;0;15;15
25106;15;138;15;15;0;0;15;15
25114;30;138;15;15;0;0;15;15
25126;45;138;15;15;0;0;15;15
25135;60;138;15;15;0;0;15;15
25140;75;138;15;15;0;0;15;15
25144;90;138;15;15;0;0;15;15
25147;105;138;15;15;0;0;15;15
25151;120;138;15;15;0;0;15;15
25152;135;138;15;15;0;0;15;15
25159;150;138;15;15;0;0;15;15
25161;165;138;15;15;0;0;15;15
25163;180;138;15;15;0;0;15;15
25165;195;138;15;15;0;0;15;15
25171;210;138;15;15;0;0;15;15
25173;225;138;15;15;0;0;15;15
25201;240;138;15;15;0;0;15;15
25206;255;138;15;15;0;0;15;15
25209;270;138;15;15;0;0;15;15
25215;285;138;15;15;0;0;15;15
25216;300;138;15;15;0;0;15;15
25220;315;138;15;15;0;0;15;15
25226;330;138;15;15;0;0;15;15
25233;345;138;15;15;0;0;15;15
25237;360;138;15;15;0;0;15;15
25239;375;138;15;15;0;0;15;15
25240;390;138;15;15;0;0;15;15
25244;405;138;15;15;0;0;15;15
25246;420;138;15;15;0;0;15;15
25259;435;138;15;15;0;0;15;15
25265;450;138;15;15;0;0;15;15
25269;465;138;15;15;0;0;15;15
25273;480;138;15;15;0;0;15;15
25276;495;138;15;15;0;0;15;15
25277;510;138;15;15;0;0;15;15
25285;525;138;15;15;0;0;15;15
25289;540;138;15;15;0;0;15;15
25293;555;138;15;15;0;0;15;15
25296;570;138;15;15;0;0;15;15
25298;585;138;15;15;0;0;15;15
25299;600;138;15;15;0;0;15;15
25304;615;138;15;15;0;0;15;15
25305;630;138;15;15;0;0;15;15
25307;645;138;15;15;0;0;15;15
25309;660;138;15;15;0;0;15;15
25312;675;138;15;15;0;0;15;15
25313;690;138;15;15;0;0;15;15
25324;705;138;15;15;0;0;15;15
25325;720;138;15;15;0;0;15;15
25331;735;138;15;15;0;0;15;15
25334;750;138;15;15;0;0;15;15
25335;765;138;15;15;0;0;15;15
25342;780;138;15;15;0;0;15;15
25345;795;138;15;15;0;0;15;15
25351;810;138;15;15;0;0;15;15
25361;825;138;15;15;0;0;15;15
25369;840;138;15;15;0;0;15;15
25375;855;138;15;15;0;0;15;15
25384;870;138;15;15;0;0;15;15
25387;885;138;15;15;0;0;15;15
25391;900;138;15;15;0;0;15;15
25407;915;138;15;15;0;0;15;15
25417;930;138;15;15;0;0;15;15
25429;945;138;15;15;0;0;15;15
25431;960;138;15;15;0;0;15;15
25436;975;138;15;15;0;0;15;15
25448;990;138;15;15;0;0;15;15
25454;1005;138;15;15;0;0;15;15
25467;1020;138;15;15;0;0;15;15
25475;1035;138;15;15;0;0;15;15
25480;1050;138;15;15;0;0;15;15
25484;1065;138;15;15;0;0;15;15
25490;1080;138;15;15;0;0;15;15
25496;1095;138;15;15;0;0;15;15
25499;1110;138;15;15;0;0;15;15
25505;1125;138;15;15;0;0;15;15
25506;1140;138;15;15;0;0;15;15
25509;1155;138;15;15;0;0;15;15
25511;1170;138;15;15;0;0;15;15
25512;1185;138;15;15;0;0;15;15
25514;1200;138;15;15;0;0;15;15
25522;1215;138;15;15;0;0;15;15
25551;1230;138;15;15;0;0;15;15
25552;1245;138;15;15;0;0;15;15
25562;1260;138;15;15;0;0;15;15
25563;1275;138;15;15;0;0;15;15
25569;1290;138;15;15;0;0;15;15
25582;1305;138;15;15;0;0;15;15
25588;1320;138;15;15;0;0;15;15
25594;1335;138;15;15;0;0;15;15
25613;1350;138;15;15;0;0;15;15
25644;1365;138;15;15;0;0;15;15
25645;1380;138;15;15;0;0;15;15
25658;1395;138;15;15;0;0;15;15
25662;1410;138;15;15;0;0;15;15
25666;1425;138;15;15;0;0;15;15
25688;1440;138;15;15;0;0;15;15
25705;1455;138;15;15;0;0;15;15
25711;1470;138;15;15;0;0;15;15
25731;1485;138;15;15;0;0;15;15
25764;1500;138;15;15;0;0;15;15
25774;1515;138;15;15;0;0;15;15
25778;1530;138;15;15;0;0;15;15
25793;1545;138;15;15;0;0;15;15
25805;1560;138;15;15;0;0;15;15
25830;1575;138;15;15;0;0;15;15
25836;1590;138;15;15;0;0;15;15
25903;1605;138;15;15;0;0;15;15
25913;1620;138;15;15;0;0;15;15
25915;1635;138;15;15;0;0;15;15
25918;1650;138;15;15;0;0;15;15
25919;1665;138;15;15;0;0;15;15
25925;1680;138;15;15;0;0;15;15
25935;1695;138;15;15;0;0;15;15
25937;1710;138;15;15;0;0;15;15
25943;1725;138;15;15;0;0;15;15
25945;1740;138;15;15;0;0;15;15
25954;1755;138;15;15;0;0;15;15
25955;1770;138;15;15;0;0;15;15
25964;1785;138;15;15;0;0;15;15
25968;1800;138;15;15;0;0;15;15
25972;1815;138;15;15;0;0;15;15
25973;1830;138;15;15;0;0;15;15
25975;1845;138;15;15;0;0;15;15
25991;1860;138;15;15;0;0;15;15
25993;1875;138;15;15;0;0;15;15
25998;1890;138;15;15;0;0;15;15
26001;1905;138;15;15;0;0;15;15
26007;1920;138;15;15;0;0;15;15
26009;1935;138;15;15;0;0;15;15
26012;1950;138;15;15;0;0;15;15
26020;1965;138;15;15;0;0;15;15
26021;1980;138;15;15;0;0;15;15
26028;1995;138;15;15;0;0;15;15
26029;2010;138;15;15;0;0;15;15
26032;2025;138;15;15;0;0;15;15
26041;0;155;15;15;0;0;15;15
26045;15;155;15;15;0;0;15;15
26053;30;155;15;15;0;0;15;15
26059;45;155;15;15;0;0;15;15
26063;60;155;15;15;0;0;15;15
26071;75;155;15;15;0;0;15;15
26082;90;155;15;15;0;0;15;15
26085;105;155;15;15;0;0;15;15
26086;120;155;15;15;0;0;15;15
26087;135;155;15;15;0;0;15;15
26088;150;155;15;15;0;0;15;15
26089;165;155;15;15;0;0;15;15
26092;180;155;15;15;0;0;15;15
26106;195;155;15;15;0;0;15;15
26118;210;155;15;15;0;0;15;15
26119;225;155;15;15;0;0;15;15
26126;240;155;15;15;0;0;15;15
26131;255;155;15;15;0;0;15;15
26132;270;155;15;15;0;0;15;15
26143;285;155;15;15;0;0;15;15
26144;300;155;15;15;0;0;15;15
26149;315;155;15;15;0;0;15;15
26151;330;155;15;15;0;0;15;15
26152;345;155;15;15;0;0;15;15
26157;360;155;15;15;0;0;15;15
26159;375;155;15;15;0;0;15;15
26172;390;155;15;15;0;0;15;15
26178;405;155;15;15;0;0;15;15
26217;420;155;15;15;0;0;15;15
26222;435;155;15;15;0;0;15;15
26223;450;155;15;15;0;0;15;15
26228;465;155;15;15;0;0;15;15
26230;480;155;15;15;0;0;15;15
26241;495;155;15;15;0;0;15;15
26247;510;155;15;15;0;0;15;15
26257;525;155;15;15;0;0;15;15
26262;540;155;15;15;0;0;15;15
26263;555;155;15;15;0;0;15;15
26278;570;155;15;15;0;0;15;15
26283;585;155;15;15;0;0;15;15
26286;600;155;15;15;0;0;15;15
26292;615;155;15;15;0;0;15;15
26311;630;155;15;15;0;0;15;15
26326;645;155;15;15;0;0;15;15
26332;660;155;15;15;0;0;15;15
26354;675;155;15;15;0;0;15;15
26356;690;155;15;15;0;0;15;15
26360;705;155;15;15;0;0;15;15
26361;720;155;15;15;0;0;15;15
26365;735;155;15;15;0;0;15;15
26367;750;155;15;15;0;0;15;15
26368;765;155;15;15;0;0;15;15
26376;780;155;15;15;0;0;15;15
26377;795;155;15;15;0;0;15;15
26381;810;155;15;15;0;0;15;15
26389;825;155;15;15;0;0;15;15
26391;840;155;15;15;0;0;15;15
26395;855;155;15;15;0;0;15;15
26397;870;155;15;15;0;0;15;15
26399;885;155;15;15;0;0;15;15
26408;900;155;15;15;0;0;15;15
26410;915;155;15;15;0;0;15;15
26411;930;155;15;15;0;0;15;15
26412;945;155;15;15;0;0;15;15
26413;960;155;15;15;0;0;15;15
26417;975;155;15;15;0;0;15;15
26420;990;155;15;15;0;0;15;15
26426;1005;155;15;15;0;0;15;15
26429;1020;155;15;15;0;0;15;15
26441;1035;155;15;15;0;0;15;15
26448;1050;155;15;15;0;0;15;15
26449;1065;155;15;15;0;0;15;15
26463;1080;155;15;15;0;0;15;15
26465;1095;155;15;15;0;0;15;15
26469;1110;155;15;15;0;0;15;15
26479;1125;155;15;15;0;0;15;15
26481;1140;155;15;15;0;0;15;15
26494;1155;155;15;15;0;0;15;15
26495;1170;155;15;15;0;0;15;15
26512;1185;155;15;15;0;0;15;15
26517;1200;155;15;15;0;0;15;15
26519;1215;155;15;15;0;0;15;15
26522;1230;155;15;15;0;0;15;15
26524;1245;155;15;15;0;0;15;15
26525;1260;155;15;15;0;0;15;15
26528;1275;155;15;15;0;0;15;15
26530;1290;155;15;15;0;0;15;15
26543;1305;155;15;15;0;0;15;15
26550;1320;155;15;15;0;0;15;15
26564;1335;155;15;15;0;0;15;15
26576;1350;155;15;15;0;0;15;15
26579;1365;155;15;15;0;0;15;15
26580;1380;155;15;15;0;0;15;15
26609;1395;155;15;15;0;0;15;15
26611;1410;155;15;15;0;0;15;15
26613;1425;155;15;15;0;0;15;15
26619;1440;155;15;15;0;0;15;15
26623;1455;155;15;15;0;0;15;15
26627;1470;155;15;15;0;0;15;15
26628;1485;155;15;15;0;0;15;15
26643;1500;155;15;15;0;0;15;15
26657;1515;155;15;15;0;0;15;15
26666;1530;155;15;15;0;0;15;15
26680;1545;155;15;15;0;0;15;15
26681;1560;155;15;15;0;0;15;15
26684;1575;155;15;15;0;0;15;15
26685;1590;155;15;15;0;0;15;15
26689;1605;155;15;15;0;0;15;15
26691;1620;155;15;15;0;0;15;15
26696;1635;155;15;15;0;0;15;15
26705;1650;155;15;15;0;0;15;15
26716;1665;155;15;15;0;0;15;15
26719;1680;155;15;15;0;0;15;15
26757;1695;155;15;15;0;0;15;15
26775;1710;155;15;15;0;0;15;15
26792;1725;155;15;15;0;0;15;15
26800;1740;155;15;15;0;0;15;15
26820;1755;155;15;15;0;0;15;15
26827;1770;155;15;15;0;0;15;15
26834;1785;155;15;15;0;0;15;15
26842;1800;155;15;15;0;0;15;15
26847;1815;155;15;15;0;0;15;15
26862;1830;155;15;15;0;0;15;15
26874;1845;155;15;15;0;0;15;15
26885;1860;155;15;15;0;0;15;15
26893;1875;155;15;15;0;0;15;15
26894;1890;155;15;15;0;0;15;15
26908;1905;155;15;15;0;0;15;15
26989;1920;155;15;15;0;0;15;15
26997;1935;155;15;15;0;0;15;15
26999;1950;155;15;15;0;0;15;15
27004;1965;155;15;15;0;0;15;15
27005;1980;155;15;15;0;0;15;15
27010;1995;155;15;15;0;0;15;15
27083;2010;155;15;15;0;0;15;15
27096;2025;155;15;15;0;0;15;15
27133;0;172;15;15;0;0;15;15
27161;15;172;15;15;0;0;15;15
27169;30;172;15;15;0;0;15;15
27177;45;172;15;15;0;0;15;15
27178;60;172;15;15;0;0;15;15
27193;75;172;15;15;0;0;15;15
27211;90;172;15;15;0;0;15;15
27231;105;172;15;15;0;0;15;15
27396;120;172;15;15;0;0;15;15
27424;135;172;15;15;0;0;15;15
27425;150;172;15;15;0;0;15;15
27431;165;172;15;15;0;0;15;15
27442;180;172;15;15;0;0;15;15
27450;195;172;15;15;0;0;15;15
27454;210;172;15;15;0;0;15;15
27468;225;172;15;15;0;0;15;15
27475;240;172;15;15;0;0;15;15
27490;255;172;15;15;0;0;15;15
27491;270;172;15;15;0;0;15;15
27494;285;172;15;15;0;0;15;15
27497;300;172;15;15;0;0;15;15
27503;315;172;15;15;0;0;15;15
27507;330;172;15;15;0;0;15;15
27508;345;172;15;15;0;0;15;15
27515;360;172;15;15;0;0;15;15
27529;375;172;15;15;0;0;15;15
27530;390;172;15;15;0;0;15;15
27531;405;172;15;15;0;0;15;15
27542;420;172;15;15;0;0;15;15
27572;435;172;15;15;0;0;15;15
27573;450;172;15;15;0;0;15;15
27578;465;172;15;15;0;0;15;15
27579;480;172;15;15;0;0;15;15
27583;495;172;15;15;0;0;15;15
27584;510;172;15;15;0;0;15;15
27597;525;172;15;15;0;0;15;15
27598;540;172;15;15;0;0;15;15
27602;555;172;15;15;0;0;15;15
27604;570;172;15;15;0;0;15;15
27611;585;172;15;15;0;0;15;15
27663;600;172;15;15;0;0;15;15
27665;615;172;15;15;0;0;15;15
27671;630;172;15;15;0;0;15;15
27700;645;172;15;15;0;0;15;15
27703;660;172;15;15;0;0;15;15
27704;675;172;15;15;0;0;15;15
27710;690;172;15;15;0;0;15;15
27713;705;172;15;15;0;0;15;15
27714;720;172;15;15;0;0;15;15
27726;735;172;15;15;0;0;15;15
27735;750;172;15;15;0;0;15;15
27738;765;172;15;15;0;0;15;15
27743;780;172;15;15;0;0;15;15
27744;795;172;15;15;0;0;15;15
27760;810;172;15;15;0;0;15;15
27770;825;172;15;15;0;0;15;15
27773;840;172;15;15;0;0;15;15
27779;855;172;15;15;0;0;15;15
27784;870;172;15;15;0;0;15;15
27798;885;172;15;15;0;0;15;15
27801;900;172;15;15;0;0;15;15
27809;915;172;15;15;0;0;15;15
27810;930;172;15;15;0;0;15;15
27827;945;172;15;15;0;0;15;15
27832;960;172;15;15;0;0;15;15
27833;975;172;15;15;0;0;15;15
27835;990;172;15;15;0;0;15;15
27836;1005;172;15;15;0;0;15;15
27839;1020;172;15;15;0;0;15;15
27841;1035;172;15;15;0;0;15;15
27849;1050;172;15;15;0;0;15;15
27850;1065;172;15;15;0;0;15;15
27852;1080;172;15;15;0;0;15;15
27861;1095;172;15;15;0;0;15;15
27873;1110;172;15;15;0;0;15;15
27874;1125;172;15;15;0;0;15;15
27875;1140;172;15;15;0;0;15;15
27877;1155;172;15;15;0;0;15;15
27880;1170;172;15;15;0;0;15;15
27888;1185;172;15;15;0;0;15;15
27891;1200;172;15;15;0;0;15;15
27915;1215;172;15;15;0;0;15;15
27927;1230;172;15;15;0;0;15;15
27934;1245;172;15;15;0;0;15;15
27941;1260;172;15;15;0;0;15;15
27946;1275;172;15;15;0;0;15;15
27963;1290;172;15;15;0;0;15;15
27966;1305;172;15;15;0;0;15;15
27969;1320;172;15;15;0;0;15;15
27972;1335;172;15;15;0;0;15;15
27973;1350;172;15;15;0;0;15;15
27996;1365;172;15;15;0;0;15;15
28006;1380;172;15;15;0;0;15;15
28010;1395;172;15;15;0;0;15;15
28014;1410;172;15;15;0;0;15;15
28020;1425;172;15;15;0;0;15;15
28023;1440;172;15;15;0;0;15;15
28024;1455;172;15;15;0;0;15;15
28040;1470;172;15;15;0;0;15;15
28057;1485;172;15;15;0;0;15;15
28079;1500;172;15;15;0;0;15;15
28082;1515;172;15;15;0;0;15;15
28092;1530;172;15;15;0;0;15;15
28113;1545;172;15;15;0;0;15;15
28129;1560;172;15;15;0;0;15;15
28139;1575;172;15;15;0;0;15;15
28145;1590;172;15;15;0;0;15;15
28151;1605;172;15;15;0;0;15;15
28155;1620;172;15;15;0;0;15;15
28165;1635;172;15;15;0;0;15;15
28167;1650;172;15;15;0;0;15;15
28168;1665;172;15;15;0;0;15;15
28169;1680;172;15;15;0;0;15;15
28171;1695;172;15;15;0;0;15;15
28179;1710;172;15;15;0;0;15;15
28187;1725;172;15;15;0;0;15;15
28193;1740;172;15;15;0;0;15;15
28198;1755;172;15;15;0;0;15;15
28201;1770;172;15;15;0;0;15;15
28204;1785;172;15;15;0;0;15;15
28207;1800;172;15;15;0;0;15;15
28246;1815;172;15;15;0;0;15;15
28263;1830;172;15;15;0;0;15;15
28271;1845;172;15;15;0;0;15;15
28286;1860;172;15;15;0;0;15;15
28287;1875;172;15;15;0;0;15;15
28288;1890;172;15;15;0;0;15;15
28304;1905;172;15;15;0;0;15;15
28310;1920;172;15;15;0;0;15;15
28317;1935;172;15;15;0;0;15;15
28342;1950;172;15;15;0;0;15;15
28346;1965;172;15;15;0;0;15;15
28357;1980;172;15;15;0;0;15;15
28363;1995;172;15;15;0;0;15;15
28369;2010;172;15;15;0;0;15;15
28381;2025;172;15;15;0;0;15;15
28382;0;189;15;15;0;0;15;15
28404;15;189;15;15;0;0;15;15
28417;30;189;15;15;0;0;15;15
28418;45;189;15;15;0;0;15;15
28422;60;189;15;15;0;0;15;15
28431;75;189;15;15;0;0;15;15
28436;90;189;15;15;0;0;15;15
28448;105;189;15;15;0;0;15;15
28450;120;189;15;15;0;0;15;15
28459;135;189;15;15;0;0;15;15
28460;150;189;15;15;0;0;15;15
28472;165;189;15;15;0;0;15;15
28500;180;189;15;15;0;0;15;15
28508;195;189;15;15;0;0;15;15
28511;210;189;15;15;0;0;15;15
28516;225;189;15;15;0;0;15;15
28526;240;189;15;15;0;0;15;15
28528;255;189;15;15;0;0;15;15
28548;270;189;15;15;0;0;15;15
28608;285;189;15;15;0;0;15;15
28609;300;189;15;15;0;0;15;15
28611;315;189;15;15;0;0;15;15
28651;330;189;15;15;0;0;15;15
28655;345;189;15;15;0;0;15;15
28716;360;189;15;15;0;0;15;15
28779;375;189;15;15;0;0;15;15
28783;390;189;15;15;0;0;15;15
28784;405;189;15;15;0;0;15;15
28797;420;189;15;15;0;0;15;15
28809;435;189;15;15;0;0;15;15
28810;450;189;15;15;0;0;15;15
28814;465;189;15;15;0;0;15;15
28845;480;189;15;15;0;0;15;15
28857;495;189;15;15;0;0;15;15
28858;510;189;15;15;0;0;15;15
28872;525;189;15;15;0;0;15;15
28961;540;189;15;15;0;0;15;15
28966;555;189;15;15;0;0;15;15
28982;570;189;15;15;0;0;15;15
28988;585;189;15;15;0;0;15;15
29006;600;189;15;15;0;0;15;15
29017;615;189;15;15;0;0;15;15
29031;630;189;15;15;0;0;15;15
29033;645;189;15;15;0;0;15;15
29038;660;189;15;15;0;0;15;15
29066;675;189;15;15;0;0;15;15
29087;690;189;15;15;0;0;15;15
29105;705;189;15;15;0;0;15;15
29123;720;189;15;15;0;0;15;15
29157;735;189;15;15;0;0;15;15
29190;750;189;15;15;0;0;15;15
29226;765;189;15;15;0;0;15;15
29237;780;189;15;15;0;0;15;15
29238;795;189;15;15;0;0;15;15
29245;810;189;15;15;0;0;15;15
29255;825;189;15;15;0;0;15;15
29256;840;189;15;15;0;0;15;15
29273;855;189;15;15;0;0;15;15
29275;870;189;15;15;0;0;15;15
29287;885;189;15;15;0;0;15;15
29289;900;189;15;15;0;0;15;15
29298;915;189;15;15;0;0;15;15
29305;930;189;15;15;0;0;15;15
29344;945;189;15;15;0;0;15;15
29356;960;189;15;15;0;0;15;15
29359;975;189;15;15;0;0;15;15
29366;990;189;15;15;0;0;15;15
29378;1005;189;15;15;0;0;15;15
29401;1020;189;15;15;0;0;15;15
29417;1035;189;15;15;0;0;15;15
29420;1050;189;15;15;0;0;15;15
29421;1065;189;15;15;0;0;15;15
29467;1080;189;15;15;0;0;15;15
29471;1095;189;15;15;0;0;15;15
29483;1110;189;15;15;0;0;15;15
29486;1125;189;15;15;0;0;15;15
29494;1140;189;15;15;0;0;15;15
29503;1155;189;15;15;0;0;15;15
29508;1170;189;15;15;0;0;15;15
29539;1185;189;15;15;0;0;15;15
29554;1200;189;15;15;0;0;15;15
29572;1215;189;15;15;0;0;15;15
29575;1230;189;15;15;0;0;15;15
29577;1245;189;15;15;0;0;15;15
29579;1260;189;15;15;0;0;15;15
29609;1275;189;15;15;0;0;15;15
29645;1290;189;15;15;0;0;15;15
29664;1305;189;15;15;0;0;15;15
29677;1320;189;15;15;0;0;15;15
29694;1335;189;15;15;0;0;15;15
29699;1350;189;15;15;0;0;15;15
29702;1365;189;15;15;0;0;15;15
29748;1380;189;15;15;0;0;15;15
29792;1395;189;15;15;0;0;15;15
29827;1410;189;15;15;0;0;15;15
29863;1425;189;15;15;0;0;15;15
29872;1440;189;15;15;0;0;15;15
29885;1455;189;15;15;0;0;15;15
29926;1470;189;15;15;0;0;15;15
29942;1485;189;15;15;0;0;15;15
29976;1500;189;15;15;0;0;15;15
29978;1515;189;15;15;0;0;15;15
29983;1530;189;15;15;0;0;15;15
29987;1545;189;15;15;0;0;15;15
29992;1560;189;15;15;0;0;15;15
30000;1575;189;15;15;0;0;15;15
30001;1590;189;15;15;0;0;15;15
30002;1605;189;15;15;0;0;15;15
30003;1620;189;15;15;0;0;15;15
30007;1635;189;15;15;0;0;15;15
30010;1650;189;15;15;0;0;15;15
30011;1665;189;15;15;0;0;15;15
30028;1680;189;15;15;0;0;15;15
30031;1695;189;15;15;0;0;15;15
30033;1710;189;15;15;0;0;15;15
30036;1725;189;15;15;0;0;15;15
30041;1740;189;15;15;0;0;15;15
30044;1755;189;15;15;0;0;15;15
30045;1770;189;15;15;0;0;15;15
30053;1785;189;15;15;0;0;15;15
30058;1800;189;15;15;0;0;15;15
30064;1815;189;15;15;0;0;15;15
30067;1830;189;15;15;0;0;15;15
30079;1845;189;15;15;0;0;15;15
30094;1860;189;15;15;0;0;15;15
30097;1875;189;15;15;0;0;15;15
30123;1890;189;15;15;0;0;15;15
30130;1905;189;15;15;0;0;15;15
30142;1920;189;15;15;0;0;15;15
30149;1935;189;15;15;0;0;15;15
30151;1950;189;15;15;0;0;15;15
30165;1965;189;15;15;0;0;15;15
30168;1980;189;15;15;0;0;15;15
30171;1995;189;15;15;0;0;15;15
30178;2010;189;15;15;0;0;15;15
30185;2025;189;15;15;0;0;15;15
30196;0;206;15;15;0;0;15;15
30221;15;206;15;15;0;0;15;15
30274;30;206;15;15;0;0;15;15
30290;45;206;15;15;0;0;15;15
30294;60;206;15;15;0;0;15;15
30330;75;206;15;15;0;0;15;15
30331;90;206;15;15;0;0;15;15
30333;105;206;15;15;0;0;15;15
30334;120;206;15;15;0;0;15;15
30340;135;206;15;15;0;0;15;15
30342;150;206;15;15;0;0;15;15
30343;165;206;15;15;0;0;15;15
30382;180;206;15;15;0;0;15;15
30399;195;206;15;15;0;0;15;15
30406;210;206;15;15;0;0;15;15
30410;225;206;15;15;0;0;15;15
30423;240;206;15;15;0;0;15;15
30427;255;206;15;15;0;0;15;15
30431;270;206;15;15;0;0;15;15
30435;285;206;15;15;0;0;15;15
30436;300;206;15;15;0;0;15;15
30446;315;206;15;15;0;0;15;15
30450;330;206;15;15;0;0;15;15
30452;345;206;15;15;0;0;15;15
30456;360;206;15;15;0;0;15;15
30462;375;206;15;15;0;0;15;15
30465;390;206;15;15;0;0;15;15
30473;405;206;15;15;0;0;15;15
30475;420;206;15;15;0;0;15;15
30476;435;206;15;15;0;0;15;15
30495;450;206;15;15;0;0;15;15
30496;465;206;15;15;0;0;15;15
30522;480;206;15;15;0;0;15;15
30524;495;206;15;15;0;0;15;15
30528;510;206;15;15;0;0;15;15
30561;525;206;15;15;0;0;15;15
30563;540;206;15;15;0;0;15;15
30566;555;206;15;15;0;0;15;15
30636;570;206;15;15;0;0;15;15
30637;585;206;15;15;0;0;15;15
30643;600;206;15;15;0;0;15;15
30683;615;206;15;15;0;0;15;15
30690;630;206;15;15;0;0;15;15
30693;645;206;15;15;0;0;15;15
30701;660;206;15;15;0;0;15;15
30703;675;206;15;15;0;0;15;15
30707;690;206;15;15;0;0;15;15
30722;705;206;15;15;0;0;15;15
30740;720;206;15;15;0;0;15;15
30741;735;206;15;15;0;0;15;15
30770;750;206;15;15;0;0;15;15
30772;765;206;15;15;0;0;15;15
30813;780;206;15;15;0;0;15;15
30827;795;206;15;15;0;0;15;15
30828;810;206;15;15;0;0;15;15
30849;825;206;15;15;0;0;15;15
30865;840;206;15;15;0;0;15;15
30906;855;206;15;15;0;0;15;15
30913;870;206;15;15;0;0;15;15
30952;885;206;15;15;0;0;15;15
30977;900;206;15;15;0;0;15;15
30990;915;206;15;15;0;0;15;15
31034;930;206;15;15;0;0;15;15
31036;945;206;15;15;0;0;15;15
31038;960;206;15;15;0;0;15;15
31048;975;206;15;15;0;0;15;15
31049;990;206;15;15;0;0;15;15
31062;1005;206;15;15;0;0;15;15
31069;1020;206;15;15;0;0;15;15
31070;1035;206;15;15;0;0;15;15
31077;1050;206;15;15;0;0;15;15
31080;1065;206;15;15;0;0;15;15
31085;1080;206;15;15;0;0;15;15
31105;1095;206;15;15;0;0;15;15
31109;1110;206;15;15;0;0;15;15
31117;1125;206;15;15;0;0;15;15
31119;1140;206;15;15;0;0;15;15
31168;1155;206;15;15;0;0;15;15
31169;1170;206;15;15;0;0;15;15
31179;1185;206;15;15;0;0;15;15
31185;1200;206;15;15;0;0;15;15
31186;1215;206;15;15;0;0;15;15
31192;1230;206;15;15;0;0;15;15
31199;1245;206;15;15;0;0;15;15
31209;1260;206;15;15;0;0;15;15
31216;1275;206;15;15;0;0;15;15
31227;1290;206;15;15;0;0;15;15
31243;1305;206;15;15;0;0;15;15
31246;1320;206;15;15;0;0;15;15
31258;1335;206;15;15;0;0;15;15
31278;1350;206;15;15;0;0;15;15
31282;1365;206;15;15;0;0;15;15
31292;1380;206;15;15;0;0;15;15
31293;1395;206;15;15;0;0;15;15
31295;1410;206;15;15;0;0;15;15
31296;1425;206;15;15;0;0;15;15
31298;1440;206;15;15;0;0;15;15
31309;1455;206;15;15;0;0;15;15
31311;1470;206;15;15;0;0;15;15
31339;1485;206;15;15;0;0;15;15
31348;1500;206;15;15;0;0;15;15
31350;1515;206;15;15;0;0;15;15
31354;1530;206;15;15;0;0;15;15
31361;1545;206;15;15;0;0;15;15
31363;1560;206;15;15;0;0;15;15
31378;1575;206;15;15;0;0;15;15
31379;1590;206;15;15;0;0;15;15
31391;1605;206;15;15;0;0;15;15
31406;1620;206;15;15;0;0;15;15
31407;1635;206;15;15;0;0;15;15
31435;1650;206;15;15;0;0;15;15
31452;1665;206;15;15;0;0;15;15
31456;1680;206;15;15;0;0;15;15
31461;1695;206;15;15;0;0;15;15
31471;1710;206;15;15;0;0;15;15
31478;1725;206;15;15;0;0;15;15
31481;1740;206;15;15;0;0;15;15
31505;1755;206;15;15;0;0;15;15
31515;1770;206;15;15;0;0;15;15
31526;1785;206;15;15;0;0;15;15
31532;1800;206;15;15;0;0;15;15
31558;1815;206;15;15;0;0;15;15
31561;1830;206;15;15;0;0;15;15
31563;1845;206;15;15;0;0;15;15
31570;1860;206;15;15;0;0;15;15
31572;1875;206;15;15;0;0;15;15
31574;1890;206;15;15;0;0;15;15
31623;1905;206;15;15;0;0;15;15
31627;1920;206;15;15;0;0;15;15
31639;1935;206;15;15;0;0;15;15
31649;1950;206;15;15;0;0;15;15
31665;1965;206;15;15;0;0;15;15
31672;1980;206;15;15;0;0;15;15
31680;1995;206;15;15;0;0;15;15
31684;2010;206;15;15;0;0;15;15
31689;2025;206;15;15;0;0;15;15
31716;0;223;15;15;0;0;15;15
31777;15;223;15;15;0;0;15;15
31807;30;223;15;15;0;0;15;15
31821;45;223;15;15;0;0;15;15
31840;60;223;15;15;0;0;15;15
31859;75;223;15;15;0;0;15;15
31881;90;223;15;15;0;0;15;15
31883;105;223;15;15;0;0;15;15
31890;120;223;15;15;0;0;15;15
31895;135;223;15;15;0;0;15;15
31896;150;223;15;15;0;0;15;15
31899;165;223;15;15;0;0;15;15
31911;180;223;15;15;0;0;15;15
31934;195;223;15;15;0;0;15;15
31958;210;223;15;15;0;0;15;15
31975;225;223;15;15;0;0;15;15
31992;240;223;15;15;0;0;15;15
31995;255;223;15;15;0;0;15;15
31998;270;223;15;15;0;0;15;15
32000;285;223;15;15;0;0;15;15
32004;300;223;15;15;0;0;15;15
32005;315;223;15;15;0;0;15;15
32011;330;223;15;15;0;0;15;15
32013;345;223;15;15;0;0;15;15
32020;360;223;15;15;0;0;15;15
32025;375;223;15;15;0;0;15;15
32026;390;223;15;15;0;0;15;15
32027;405;223;15;15;0;0;15;15
32032;420;223;15;15;0;0;15;15
32033;435;223;15;15;0;0;15;15
32034;450;223;15;15;0;0;15;15
32043;465;223;15;15;0;0;15;15
32047;480;223;15;15;0;0;15;15
32048;495;223;15;15;0;0;15;15
32051;510;223;15;15;0;0;15;15
32057;525;223;15;15;0;0;15;15
32058;540;223;15;15;0;0;15;15
32066;555;223;15;15;0;0;15;15
32068;570;223;15;15;0;0;15;15
32076;585;223;15;15;0;0;15;15
32080;600;223;15;15;0;0;15;15
32094;615;223;15;15;0;0;15;15
32097;630;223;15;15;0;0;15;15
32102;645;223;15;15;0;0;15;15
32113;660;223;15;15;0;0;15;15
32117;675;223;15;15;0;0;15;15
32118;690;223;15;15;0;0;15;15
32121;705;223;15;15;0;0;15;15
32153;720;223;15;15;0;0;15;15
32154;735;223;15;15;0;0;15;15
32173;750;223;15;15;0;0;15;15
32177;765;223;15;15;0;0;15;15
32178;780;223;15;15;0;0;15;15
32187;795;223;15;15;0;0;15;15
32191;810;223;15;15;0;0;15;15
32202;825;223;15;15;0;0;15;15
32207;840;223;15;15;0;0;15;15
32209;855;223;15;15;0;0;15;15
32210;870;223;15;15;0;0;15;15
32218;885;223;15;15;0;0;15;15
32224;900;223;15;15;0;0;15;15
32232;915;223;15;15;0;0;15;15
32233;930;223;15;15;0;0;15;15
32239;945;223;15;15;0;0;15;15
32244;960;223;15;15;0;0;15;15
32251;975;223;15;15;0;0;15;15
32257;990;223;15;15;0;0;15;15
32260;1005;223;15;15;0;0;15;15
32283;1020;223;15;15;0;0;15;15
32294;1035;223;15;15;0;0;15;15
32299;1050;223;15;15;0;0;15;15
32302;1065;223;15;15;0;0;15;15
32318;1080;223;15;15;0;0;15;15
32321;1095;223;15;15;0;0;15;15
32330;1110;223;15;15;0;0;15;15
32340;1125;223;15;15;0;0;15;15
32341;1140;223;15;15;0;0;15;15
32365;1155;223;15;15;0;0;15;15
32368;1170;223;15;15;0;0;15;15
32566;1185;223;15;15;0;0;15;15
32618;1200;223;15;15;0;0;15;15
32622;1215;223;15;15;0;0;15;15
32624;1230;223;15;15;0;0;15;15
32626;1245;223;15;15;0;0;15;15
32629;1260;223;15;15;0;0;15;15
32631;1275;223;15;15;0;0;15;15
32645;1290;223;15;15;0;0;15;15
32650;1305;223;15;15;0;0;15;15
32654;1320;223;15;15;0;0;15;15
32670;1335;223;15;15;0;0;15;15
32676;1350;223;15;15;0;0;15;15
32680;1365;223;15;15;0;0;15;15
32681;1380;223;15;15;0;0;15;15
32701;1395;223;15;15;0;0;15;15
32705;1410;223;15;15;0;0;15;15
32716;1425;223;15;15;0;0;15;15
32722;1440;223;15;15;0;0;15;15
32763;1455;223;15;15;0;0;15;15
32764;1470;223;15;15;0;0;15;15
32769;1485;223;15;15;0;0;15;15
32771;1500;223;15;15;0;0;15;15
32773;1515;223;15;15;0;0;15;15
32784;1530;223;15;15;0;0;15;15
32789;1545;223;15;15;0;0;15;15
32791;1560;223;15;15;0;0;15;15
32819;1575;223;15;15;0;0;15;15
32854;1590;223;15;15;0;0;15;15
32862;1605;223;15;15;0;0;15;15
32884;1620;223;15;15;0;0;15;15
32887;1635;223;15;15;0;0;15;15
32905;1650;223;15;15;0;0;15;15
32908;1665;223;15;15;0;0;15;15
32918;1680;223;15;15;0;0;15;15
32920;1695;223;15;15;0;0;15;15
32925;1710;223;15;15;0;0;15;15
32929;1725;223;15;15;0;0;15;15
32930;1740;223;15;15;0;0;15;15
32933;1755;223;15;15;0;0;15;15
32937;1770;223;15;15;0;0;15;15
32938;1785;223;15;15;0;0;15;15
32943;1800;223;15;15;0;0;15;15
32946;1815;223;15;15;0;0;15;15
32954;1830;223;15;15;0;0;15;15
32963;1845;223;15;15;0;0;15;15
32966;1860;223;15;15;0;0;15;15
32972;1875;223;15;15;0;0;15;15
32974;1890;223;15;15;0;0;15;15
32990;1905;223;15;15;0;0;15;15
33012;1920;223;15;15;0;0;15;15
33016;1935;223;15;15;0;0;15;15
33021;1950;223;15;15;0;0;15;15
33026;1965;223;15;15;0;0;15;15
33029;1980;223;15;15;0;0;15;15
33031;1995;223;15;15;0;0;15;15
33032;2010;223;15;15;0;0;15;15
33034;2025;223;15;15;0;0;15;15
33050;0;240;15;15;0;0;15;15
33073;15;240;15;15;0;0;15;15
33075;30;240;15;15;0;0;15;15
33102;45;240;15;15;0;0;15;15
33104;60;240;15;15;0;0;15;15
33109;75;240;15;15;0;0;15;15
33131;90;240;15;15;0;0;15;15
33136;105;240;15;15;0;0;15;15
33144;120;240;15;15;0;0;15;15
33145;135;240;15;15;0;0;15;15
33146;150;240;15;15;0;0;15;15
33178;165;240;15;15;0;0;15;15
33180;180;240;15;15;0;0;15;15
33181;195;240;15;15;0;0;15;15
33192;210;240;15;15;0;0;15;15
33203;225;240;15;15;0;0;15;15
33222;240;240;15;15;0;0;15;15
33235;255;240;15;15;0;0;15;15
33251;270;240;15;15;0;0;15;15
33256;285;240;15;15;0;0;15;15
33258;300;240;15;15;0;0;15;15
33261;315;240;15;15;0;0;15;15
33267;330;240;15;15;0;0;15;15
33268;345;240;15;15;0;0;15;15
33276;360;240;15;15;0;0;15;15
33288;375;240;15;15;0;0;15;15
33292;390;240;15;15;0;0;15;15
33294;405;240;15;15;0;0;15;15
33303;420;240;15;15;0;0;15;15
33310;435;240;15;15;0;0;15;15
33311;450;240;15;15;0;0;15;15
33322;465;240;15;15;0;0;15;15
33324;480;240;15;15;0;0;15;15
33334;495;240;15;15;0;0;15;15
33335;510;240;15;15;0;0;15;15
33337;525;240;15;15;0;0;15;15
33351;540;240;15;15;0;0;15;15
33382;555;240;15;15;0;0;15;15
33391;570;240;15;15;0;0;15;15
33394;585;240;15;15;0;0;15;15
33398;600;240;15;15;0;0;15;15
33419;615;240;15;15;0;0;15;15
33437;630;240;15;15;0;0;15;15
33455;645;240;15;15;0;0;15;15
33457;660;240;15;15;0;0;15;15
33459;675;240;15;15;0;0;15;15
33464;690;240;15;15;0;0;15;15
33469;705;240;15;15;0;0;15;15
33495;720;240;15;15;0;0;15;15
33499;735;240;15;15;0;0;15;15
33509;750;240;15;15;0;0;15;15
33510;765;240;15;15;0;0;15;15
33521;780;240;15;15;0;0;15;15
33538;795;240;15;15;0;0;15;15
33550;810;240;15;15;0;0;15;15
33576;825;240;15;15;0;0;15;15
33590;840;240;15;15;0;0;15;15
33609;855;240;15;15;0;0;15;15
33618;870;240;15;15;0;0;15;15
33624;885;240;15;15;0;0;15;15
33655;900;240;15;15;0;0;15;15
33738;915;240;15;15;0;0;15;15
33740;930;240;15;15;0;0;15;15
33747;945;240;15;15;0;0;15;15
33756;960;240;15;15;0;0;15;15
33775;975;240;15;15;0;0;15;15
33806;990;240;15;15;0;0;15;15
33853;1005;240;15;15;0;0;15;15
33865;1020;240;15;15;0;0;15;15
33879;1035;240;15;15;0;0;15;15
33883;1050;240;15;15;0;0;15;15
33900;1065;240;15;15;0;0;15;15
33976;1080;240;15;15;0;0;15;15
33988;1095;240;15;15;0;0;15;15
33995;1110;240;15;15;0;0;15;15
34065;1125;240;15;15;0;0;15;15
34101;1140;240;15;15;0;0;15;15
34109;1155;240;15;15;0;0;15;15
34180;1170;240;15;15;0;0;15;15
34214;1185;240;15;15;0;0;15;15
34218;1200;240;15;15;0;0;15;15
34219;1215;240;15;15;0;0;15;15
34220;1230;240;15;15;0;0;15;15
34253;1245;240;15;15;0;0;15;15
34276;1260;240;15;15;0;0;15;15
34281;1275;240;15;15;0;0;15;15
34299;1290;240;15;15;0;0;15;15
34382;1305;240;15;15;0;0;15;15
34384;1320;240;15;15;0;0;15;15
34394;1335;240;15;15;0;0;15;15
34396;1350;240;15;15;0;0;15;15
34398;1365;240;15;15;0;0;15;15
34411;1380;240;15;15;0;0;15;15
34425;1395;240;15;15;0;0;15;15
34442;1410;240;15;15;0;0;15;15
34453;1425;240;15;15;0;0;15;15
34503;1440;240;15;15;0;0;15;15
34509;1455;240;15;15;0;0;15;15
34542;1470;240;15;15;0;0;15;15
34562;1485;240;15;15;0;0;15;15
34588;1500;240;15;15;0;0;15;15
34701;1515;240;15;15;0;0;15;15
34880;1530;240;15;15;0;0;15;15
34886;1545;240;15;15;0;0;15;15
34892;1560;240;15;15;0;0;15;15
34899;1575;240;15;15;0;0;15;15
34903;1590;240;15;15;0;0;15;15
34907;1605;240;15;15;0;0;15;15
34909;1620;240;15;15;0;0;15;15
34913;1635;240;15;15;0;0;15;15
34915;1650;240;15;15;0;0;15;15
34920;1665;240;15;15;0;0;15;15
34928;1680;240;15;15;0;0;15;15
34935;1695;240;15;15;0;0;15;15
34955;1710;240;15;15;0;0;15;15
34966;1725;240;15;15;0;0;15;15
34987;1740;240;15;15;0;0;15;15
35009;1755;240;15;15;0;0;15;15
35010;1770;240;15;15;0;0;15;15
35013;1785;240;15;15;0;0;15;15
35023;1800;240;15;15;0;0;15;15
35029;1815;240;15;15;0;0;15;15
35036;1830;240;15;15;0;0;15;15
35064;1845;240;15;15;0;0;15;15
35069;1860;240;15;15;0;0;15;15
35070;1875;240;15;15;0;0;15;15
35079;1890;240;15;15;0;0;15;15
35088;1905;240;15;15;0;0;15;15
35090;1920;240;15;15;0;0;15;15
35167;1935;240;15;15;0;0;15;15
35186;1950;240;15;15;0;0;15;15
35199;1965;240;15;15;0;0;15;15
35201;1980;240;15;15;0;0;15;15
35206;1995;240;15;15;0;0;15;15
35207;2010;240;15;15;0;0;15;15
35211;2025;240;15;15;0;0;15;15
35215;0;257;15;15;0;0;15;15
35222;15;257;15;15;0;0;15;15
35226;30;257;15;15;0;0;15;15
35239;45;257;15;15;0;0;15;15
35242;60;257;15;15;0;0;15;15
35251;75;257;15;15;0;0;15;15
35282;90;257;15;15;0;0;15;15
35299;105;257;15;15;0;0;15;15
35302;120;257;15;15;0;0;15;15
35328;135;257;15;15;0;0;15;15
35330;150;257;15;15;0;0;15;15
35331;165;257;15;15;0;0;15;15
35336;180;257;15;15;0;0;15;15
35342;195;257;15;15;0;0;15;15
35347;210;257;15;15;0;0;15;15
35351;225;257;15;15;0;0;15;15
35352;240;257;15;15;0;0;15;15
35359;255;257;15;15;0;0;15;15
35370;270;257;15;15;0;0;15;15
35373;285;257;15;15;0;0;15;15
35377;300;257;15;15;0;0;15;15
35379;315;257;15;15;0;0;15;15
35380;330;257;15;15;0;0;15;15
35386;345;257;15;15;0;0;15;15
35388;360;257;15;15;0;0;15;15
35408;375;257;15;15;0;0;15;15
35412;390;257;15;15;0;0;15;15
35413;405;257;15;15;0;0;15;15
35422;420;257;15;15;0;0;15;15
35424;435;257;15;15;0;0;15;15
35427;450;257;15;15;0;0;15;15
35430;465;257;15;15;0;0;15;15
35433;480;257;15;15;0;0;15;15
35438;495;257;15;15;0;0;15;15
35440;510;257;15;15;0;0;15;15
35441;525;257;15;15;0;0;15;15
35442;540;257;15;15;0;0;15;15
35443;555;257;15;15;0;0;15;15
35463;570;257;15;15;0;0;15;15
35465;585;257;15;15;0;0;15;15
35468;600;257;15;15;0;0;15;15
35469;615;257;15;15;0;0;15;15
35475;630;257;15;15;0;0;15;15
35477;645;257;15;15;0;0;15;15
35480;660;257;15;15;0;0;15;15
35486;675;257;15;15;0;0;15;15
35488;690;257;15;15;0;0;15;15
35492;705;257;15;15;0;0;15;15
35500;720;257;15;15;0;0;15;15
35501;735;257;15;15;0;0;15;15
35504;750;257;15;15;0;0;15;15
35506;765;257;15;15;0;0;15;15
35519;780;257;15;15;0;0;15;15
35527;795;257;15;15;0;0;15;15
35531;810;257;15;15;0;0;15;15
35542;825;257;15;15;0;0;15;15
35558;840;257;15;15;0;0;15;15
35559;855;257;15;15;0;0;15;15
35565;870;257;15;15;0;0;15;15
35566;885;257;15;15;0;0;15;15
35576;900;257;15;15;0;0;15;15
35582;915;257;15;15;0;0;15;15
35584;930;257;15;15;0;0;15;15
35585;945;257;15;15;0;0;15;15
35588;960;257;15;15;0;0;15;15
35598;975;257;15;15;0;0;15;15
35609;990;257;15;15;0;0;15;15
35611;1005;257;15;15;0;0;15;15
35613;1020;257;15;15;0;0;15;15
35617;1035;257;15;15;0;0;15;15
35641;1050;257;15;15;0;0;15;15
35672;1065;257;15;15;0;0;15;15
35676;1080;257;15;15;0;0;15;15
35686;1095;257;15;15;0;0;15;15
35696;1110;257;15;15;0;0;15;15
35698;1125;257;15;15;0;0;15;15
35703;1140;257;15;15;0;0;15;15
35895;1155;257;15;15;0;0;15;15
35910;1170;257;15;15;0;0;15;15
35914;1185;257;15;15;0;0;15;15
35930;1200;257;15;15;0;0;15;15
35937;1215;257;15;15;0;0;15;15
35946;1230;257;15;15;0;0;15;15
35980;1245;257;15;15;0;0;15;15
35997;1260;257;15;15;0;0;15;15
35998;1275;257;15;15;0;0;15;15
36000;1290;257;15;15;0;0;15;15
36001;1305;257;15;15;0;0;15;15
36002;1320;257;15;15;0;0;15;15
36007;1335;257;15;15;0;0;15;15
36008;1350;257;15;15;0;0;15;15
36009;1365;257;15;15;0;0;15;15
36010;1380;257;15;15;0;0;15;15
36011;1395;257;15;15;0;0;15;15
36012;1410;257;15;15;0;0;15;15
36015;1425;257;15;15;0;0;15;15
36020;1440;257;15;15;0;0;15;15
36023;1455;257;15;15;0;0;15;15
36024;1470;257;15;15;0;0;15;15
36027;1485;257;15;15;0;0;15;15
36028;1500;257;15;15;0;0;15;15
36031;1515;257;15;15;0;0;15;15
36032;1530;257;15;15;0;0;15;15
36034;1545;257;15;15;0;0;15;15
36035;1560;257;15;15;0;0;15;15
36036;1575;257;15;15;0;0;15;15
36039;1590;257;15;15;0;0;15;15
36042;1605;257;15;15;0;0;15;15
36051;1620;257;15;15;0;0;15;15
36059;1635;257;15;15;0;0;15;15
36060;1650;257;15;15;0;0;15;15
36062;1665;257;15;15;0;0;15;15
36064;1680;257;15;15;0;0;15;15
36066;1695;257;15;15;0;0;15;15
36070;1710;257;15;15;0;0;15;15
36074;1725;257;15;15;0;0;15;15
36077;1740;257;15;15;0;0;15;15
36092;1755;257;15;15;0;0;15;15
36104;1770;257;15;15;0;0;15;15
36196;1785;257;15;15;0;0;15;15
36198;1800;257;15;15;0;0;15;15
36208;1815;257;15;15;0;0;15;15
36212;1830;257;15;15;0;0;15;15
36215;1845;257;15;15;0;0;15;15
36229;1860;257;15;15;0;0;15;15
36234;1875;257;15;15;0;0;15;15
36259;1890;257;15;15;0;0;15;15
36275;1905;257;15;15;0;0;15;15
36317;1920;257;15;15;0;0;15;15
36321;1935;257;15;15;0;0;15;15
36335;1950;257;15;15;0;0;15;15
36339;1965;257;15;15;0;0;15;15
36341;1980;257;15;15;0;0;15;15
36362;1995;257;15;15;0;0;15;15
36367;2010;257;15;15;0;0;15;15
36394;2025;257;15;15;0;0;15;15
36468;0;274;15;15;0;0;15;15
36493;15;274;15;15;0;0;15;15
36523;30;274;15;15;0;0;15;15
36554;45;274;15;15;0;0;15;15
36556;60;274;15;15;0;0;15;15
36557;75;274;15;15;0;0;15;15
36562;90;274;15;15;0;0;15;15
36575;105;274;15;15;0;0;15;15
36578;120;274;15;15;0;0;15;15
36600;135;274;15;15;0;0;15;15
36605;150;274;15;15;0;0;15;15
36611;165;274;15;15;0;0;15;15
36617;180;274;15;15;0;0;15;15
36637;195;274;15;15;0;0;15;15
36649;210;274;15;15;0;0;15;15
36650;225;274;15;15;0;0;15;15
36664;240;274;15;15;0;0;15;15
36676;255;274;15;15;0;0;15;15
36763;270;274;15;15;0;0;15;15
36766;285;274;15;15;0;0;15;15
36771;300;274;15;15;0;0;15;15
36785;315;274;15;15;0;0;15;15
36786;330;274;15;15;0;0;15;15
36794;345;274;15;15;0;0;15;15
36796;360;274;15;15;0;0;15;15
36805;375;274;15;15;0;0;15;15
36814;390;274;15;15;0;0;15;15
36817;405;274;15;15;0;0;15;15
36820;420;274;15;15;0;0;15;15
36843;435;274;15;15;0;0;15;15
36845;450;274;15;15;0;0;15;15
36848;465;274;15;15;0;0;15;15
36855;480;274;15;15;0;0;15;15
36861;495;274;15;15;0;0;15;15
36864;510;274;15;15;0;0;15;15
36865;525;274;15;15;0;0;15;15
36867;540;274;15;15;0;0;15;15
36870;555;274;15;15;0;0;15;15
36879;570;274;15;15;0;0;15;15
36880;585;274;15;15;0;0;15;15
36883;600;274;15;15;0;0;15;15
36884;615;274;15;15;0;0;15;15
36890;630;274;15;15;0;0;15;15
36893;645;274;15;15;0;0;15;15
36895;660;274;15;15;0;0;15;15
36896;675;274;15;15;0;0;15;15
36899;690;274;15;15;0;0;15;15
36910;705;274;15;15;0;0;15;15
36913;720;274;15;15;0;0;15;15
36914;735;274;15;15;0;0;15;15
36920;750;274;15;15;0;0;15;15
36930;765;274;15;15;0;0;15;15
36933;780;274;15;15;0;0;15;15
36935;795;274;15;15;0;0;15;15
36938;810;274;15;15;0;0;15;15
36939;825;274;15;15;0;0;15;15
36941;840;274;15;15;0;0;15;15
36942;855;274;15;15;0;0;15;15
36947;870;274;15;15;0;0;15;15
36948;885;274;15;15;0;0;15;15
36949;900;274;15;15;0;0;15;15
36956;915;274;15;15;0;0;15;15
36960;930;274;15;15;0;0;15;15
36961;945;274;15;15;0;0;15;15
36963;960;274;15;15;0;0;15;15
36969;975;274;15;15;0;0;15;15
36973;990;274;15;15;0;0;15;15
36974;1005;274;15;15;0;0;15;15
36981;1020;274;15;15;0;0;15;15
36983;1035;274;15;15;0;0;15;15
36984;1050;274;15;15;0;0;15;15
36986;1065;274;15;15;0;0;15;15
36991;1080;274;15;15;0;0;15;15
36996;1095;274;15;15;0;0;15;15
37027;1110;274;15;15;0;0;15;15
37030;1125;274;15;15;0;0;15;15
37034;1140;274;15;15;0;0;15;15
37048;1155;274;15;15;0;0;15;15
37066;1170;274;15;15;0;0;15;15
37070;1185;274;15;15;0;0;15;15
37089;1200;274;15;15;0;0;15;15
37096;1215;274;15;15;0;0;15;15
37101;1230;274;15;15;0;0;15;15
37109;1245;274;15;15;0;0;15;15
37111;1260;274;15;15;0;0;15;15
37117;1275;274;15;15;0;0;15;15
37196;1290;274;15;15;0;0;15;15
37197;1305;274;15;15;0;0;15;15
37198;1320;274;15;15;0;0;15;15
37202;1335;274;15;15;0;0;15;15
37204;1350;274;15;15;0;0;15;15
37218;1365;274;15;15;0;0;15;15
37226;1380;274;15;15;0;0;15;15
37228;1395;274;15;15;0;0;15;15
37237;1410;274;15;15;0;0;15;15
37239;1425;274;15;15;0;0;15;15
37240;1440;274;15;15;0;0;15;15
37266;1455;274;15;15;0;0;15;15
37276;1470;274;15;15;0;0;15;15
37304;1485;274;15;15;0;0;15;15
37319;1500;274;15;15;0;0;15;15
37320;1515;274;15;15;0;0;15;15
37324;1530;274;15;15;0;0;15;15
37325;1545;274;15;15;0;0;15;15
37326;1560;274;15;15;0;0;15;15
37327;1575;274;15;15;0;0;15;15
37329;1590;274;15;15;0;0;15;15
37340;1605;274;15;15;0;0;15;15
37341;1620;274;15;15;0;0;15;15
37347;1635;274;15;15;0;0;15;15
37389;1650;274;15;15;0;0;15;15
37428;1665;274;15;15;0;0;15;15
37444;1680;274;15;15;0;0;15;15
37467;1695;274;15;15;0;0;15;15
37474;1710;274;15;15;0;0;15;15
37489;1725;274;15;15;0;0;15;15
37504;1740;274;15;15;0;0;15;15
37507;1755;274;15;15;0;0;15;15
37509;1770;274;15;15;0;0;15;15
37528;1785;274;15;15;0;0;15;15
37549;1800;274;15;15;0;0;15;15
37613;1815;274;15;15;0;0;15;15
37619;1830;274;15;15;0;0;15;15
37628;1845;274;15;15;0;0;15;15
37664;1860;274;15;15;0;0;15;15
37670;1875;274;15;15;0;0;15;15
37676;1890;274;15;15;0;0;15;15
37678;1905;274;15;15;0;0;15;15
37679;1920;274;15;15;0;0;15;15
37682;1935;274;15;15;0;0;15;15
37707;1950;274;15;15;0;0;15;15
37723;1965;274;15;15;0;0;15;15
37749;1980;274;15;15;0;0;15;15
37772;1995;274;15;15;0;0;15;15
37782;2010;274;15;15;0;0;15;15
37806;2025;274;15;15;0;0;15;15
37857;0;291;15;15;0;0;15;15
37912;15;291;15;15;0;0;15;15
37969;30;291;15;15;0;0;15;15
38263;45;291;15;15;0;0;15;15
38272;60;291;15;15;0;0;15;15
38281;75;291;15;15;0;0;15;15
38283;90;291;15;15;0;0;15;15
38289;105;291;15;15;0;0;15;15
38291;120;291;15;15;0;0;15;15
38306;135;291;15;15;0;0;15;15
38307;150;291;15;15;0;0;15;15
38309;165;291;15;15;0;0;15;15
38322;180;291;15;15;0;0;15;15
38343;195;291;15;15;0;0;15;15
38360;210;291;15;15;0;0;15;15
38428;225;291;15;15;0;0;15;15
38442;240;291;15;15;0;0;15;15
38450;255;291;15;15;0;0;15;15
38459;270;291;15;15;0;0;15;15
38468;285;291;15;15;0;0;15;15
38477;300;291;15;15;0;0;15;15
38480;315;291;15;15;0;0;15;15
38491;330;291;15;15;0;0;15;15
38498;345;291;15;15;0;0;15;15
38499;360;291;15;15;0;0;15;15
38500;375;291;15;15;0;0;15;15
38501;390;291;15;15;0;0;15;15
38506;405;291;15;15;0;0;15;15
38512;420;291;15;15;0;0;15;15
38515;435;291;15;15;0;0;15;15
38517;450;291;15;15;0;0;15;15
38518;465;291;15;15;0;0;15;15
38520;480;291;15;15;0;0;15;15
38522;495;291;15;15;0;0;15;15
38525;510;291;15;15;0;0;15;15
38533;525;291;15;15;0;0;15;15
38534;540;291;15;15;0;0;15;15
38538;555;291;15;15;0;0;15;15
38542;570;291;15;15;0;0;15;15
38543;585;291;15;15;0;0;15;15
38548;600;291;15;15;0;0;15;15
38553;615;291;15;15;0;0;15;15
38555;630;291;15;15;0;0;15;15
38556;645;291;15;15;0;0;15;15
38560;660;291;15;15;0;0;15;15
38563;675;291;15;15;0;0;15;15
38583;690;291;15;15;0;0;15;15
38587;705;291;15;15;0;0;15;15
38596;720;291;15;15;0;0;15;15
38597;735;291;15;15;0;0;15;15
38598;750;291;15;15;0;0;15;15
38599;765;291;15;15;0;0;15;15
38604;780;291;15;15;0;0;15;15
38609;795;291;15;15;0;0;15;15
38626;810;291;15;15;0;0;15;15
38627;825;291;15;15;0;0;15;15
38632;840;291;15;15;0;0;15;15
38634;855;291;15;15;0;0;15;15
38640;870;291;15;15;0;0;15;15
38642;885;291;15;15;0;0;15;15
38646;900;291;15;15;0;0;15;15
38647;915;291;15;15;0;0;15;15
38651;930;291;15;15;0;0;15;15
38656;945;291;15;15;0;0;15;15
38663;960;291;15;15;0;0;15;15
38666;975;291;15;15;0;0;15;15
38684;990;291;15;15;0;0;15;15
38695;1005;291;15;15;0;0;15;15
38706;1020;291;15;15;0;0;15;15
38738;1035;291;15;15;0;0;15;15
38745;1050;291;15;15;0;0;15;15
38750;1065;291;15;15;0;0;15;15
38754;1080;291;15;15;0;0;15;15
38761;1095;291;15;15;0;0;15;15
38772;1110;291;15;15;0;0;15;15
38867;1125;291;15;15;0;0;15;15
38899;1140;291;15;15;0;0;15;15
38907;1155;291;15;15;0;0;15;15
38911;1170;291;15;15;0;0;15;15
38914;1185;291;15;15;0;0;15;15
38915;1200;291;15;15;0;0;15;15
38917;1215;291;15;15;0;0;15;15
38918;1230;291;15;15;0;0;15;15
38920;1245;291;15;15;0;0;15;15
38928;1260;291;15;15;0;0;15;15
38929;1275;291;15;15;0;0;15;15
38930;1290;291;15;15;0;0;15;15
38931;1305;291;15;15;0;0;15;15
38936;1320;291;15;15;0;0;15;15
38957;1335;291;15;15;0;0;15;15
38971;1350;291;15;15;0;0;15;15
38972;1365;291;15;15;0;0;15;15
38988;1380;291;15;15;0;0;15;15
38989;1395;291;15;15;0;0;15;15
38990;1410;291;15;15;0;0;15;15
38996;1425;291;15;15;0;0;15;15
38997;1440;291;15;15;0;0;15;15
39000;1455;291;15;15;0;0;15;15
39006;1470;291;15;15;0;0;15;15
39015;1485;291;15;15;0;0;15;15
39080;1500;291;15;15;0;0;15;15
39131;1515;291;15;15;0;0;15;15
39135;1530;291;15;15;0;0;15;15
39138;1545;291;15;15;0;0;15;15
39151;1560;291;15;15;0;0;15;15
39154;1575;291;15;15;0;0;15;15
39164;1590;291;15;15;0;0;15;15
39165;1605;291;15;15;0;0;15;15
39166;1620;291;15;15;0;0;15;15
39173;1635;291;15;15;0;0;15;15
39178;1650;291;15;15;0;0;15;15
39180;1665;291;15;15;0;0;15;15
39187;1680;291;15;15;0;0;15;15
39208;1695;291;15;15;0;0;15;15
39318;1710;291;15;15;0;0;15;15
39321;1725;291;15;15;0;0;15;15
39340;1740;291;15;15;0;0;15;15
39364;1755;291;15;15;0;0;15;15
39365;1770;291;15;15;0;0;15;15
39366;1785;291;15;15;0;0;15;15
39376;1800;291;15;15;0;0;15;15
39378;1815;291;15;15;0;0;15;15
39438;1830;291;15;15;0;0;15;15
39442;1845;291;15;15;0;0;15;15
39443;1860;291;15;15;0;0;15;15
39472;1875;291;15;15;0;0;15;15
39514;1890;291;15;15;0;0;15;15
39592;1905;291;15;15;0;0;15;15
39608;1920;291;15;15;0;0;15;15
39620;1935;291;15;15;0;0;15;15
39640;1950;291;15;15;0;0;15;15
39658;1965;291;15;15;0;0;15;15
39729;1980;291;15;15;0;0;15;15
39740;1995;291;15;15;0;0;15;15
39746;2010;291;15;15;0;0;15;15
39749;2025;291;15;15;0;0;15;15
39764;0;308;15;15;0;0;15;15
39770;15;308;15;15;0;0;15;15
39854;30;308;15;15;0;0;15;15
39912;45;308;15;15;0;0;15;15
40165;60;308;15;15;0;0;15;15
40180;75;308;15;15;0;0;15;15
40335;90;308;15;15;0;0;15;15
40372;105;308;15;15;0;0;15;15
40575;120;308;15;15;0;0;15;15
40595;135;308;15;15;0;0;15;15
40599;150;308;15;15;0;0;15;15
40614;165;308;15;15;0;0;15;15
40634;180;308;15;15;0;0;15;15
40635;195;308;15;15;0;0;15;15
40644;210;308;15;15;0;0;15;15
40658;225;308;15;15;0;0;15;15
40665;240;308;15;15;0;0;15;15
40723;255;308;15;15;0;0;15;15
40763;270;308;15;15;0;0;15;15
40802;285;308;15;15;0;0;15;15
65281;300;308;13;13;0;0;13;13
65283;313;308;13;13;0;0;13;13
65284;326;308;13;13;0;0;13;13
65285;339;308;13;13;0;0;13;13
65288;352;308;13;13;0;0;13;13
65289;365;308;13;13;0;0;13;13
65292;378;308;13;13;0;0;13;13
65296;391;308;13;13;0;0;13;13
65297;404;308;13;13;0;0;13;13
65298;417;308;13;13;0;0;13;13
65299;430;308;13;13;0;0;13;13
65300;443;308;13;13;0;0;13;13
65301;456;308;13;13;0;0;13;13
65302;469;308;13;13;0;0;13;13
65303;482;308;13;13;0;0;13;13
65304;495;308;13;13;0;0;13;13
65305;508;308;13;13;0;0;13;13
65306;521;308;13;13;0;0;13;13
65307;534;308;13;13;0;0;13;13
65311;547;308;13;13;0;0;13;13
65371;560;308;13;13;0;0;13;13
65373;573;308;13;13;0;0;13;13
65374;586;308;13;13;0;0;13;13
65381;599;308;13;13;0;0;13;13
65382;612;308;13;13;0;0;13;13
65383;625;308;13;13;0;0;13;13
65384;638;308;13;13;0;0;13;13
65385;651;308;13;13;0;0;13;13
65386;664;308;13;13;0;0;13;13
65387;677;308;13;13;0;0;13;13
65388;690;308;13;13;0;0;13;13
65389;703;308;13;13;0;0;13;13
65390;716;308;13;13;0;0;13;13
65391;729;308;13;13;0;0;13;13
65392;742;308;13;13;0;0;13;13
65393;755;308;13;13;0;0;13;13
65394;768;308;13;13;0;0;13;13
65395;781;308;13;13;0;0;13;13
65396;794;308;13;13;0;0;13;13
65397;807;308;13;13;0;0;13;13
65398;820;308;13;13;0;0;13;13
65399;833;308;13;13;0;0;13;13
65400;846;308;13;13;0;0;13;13
65401;859;308;13;13;0;0;13;13
65402;872;308;13;13;0;0;13;13
65403;885;308;13;13;0;0;13;13
65404;898;308;13;13;0;0;13;13
65405;911;308;13;13;0;0;13;13
65406;924;308;13;13;0;0;13;13
65407;937;308;13;13;0;0;13;13
65408;950;308;13;13;0;0;13;13
65409;963;308;13;13;0;0;13;13
65410;976;308;13;13;0;0;13;13
65411;989;308;13;13;0;0;13;13
65412;1002;308;13;13;0;0;13;13
65413;1015;308;13;13;0;0;13;13
65414;1028;308;13;13;0;0;13;13
65415;1041;308;13;13;0;0;13;13
65416;1054;308;13;13;0;0;13;13
65417;1067;308;13;13;0;0;13;13
65418;1080;308;13;13;0;0;13;13
65419;1093;308;13;13;0;0;13;13
65420;1106;308;13;13;0;0;13;13
65421;1119;308;13;13;0;0;13;13
65422;1132;308;13;13;0;0;13;13
65423;1145;308;13;13;0;0;13;13
65424;1158;308;13;13;0;0;13;13
65425;1171;308;13;13;0;0;13;13
65426;1184;308;13;13;0;0;13;13
65427;1197;308;13;13;0;0;13;13
65428;1210;308;13;13;0;0;13;13
65429;1223;308;13;13;0;0;13;13
65430;1236;308;13;13;0;0;13;13
65431;1249;308;13;13;0;0;13;13
65432;1262;308;13;13;0;0;13;13
65433;1275;308;13;13;0;0;13;13
65434;1288;308;13;13;0;0;13;13
65435;1301;308;13;13;0;0;13;13
65436;1314;308;13;13;0;0;13;13
65437;1327;308;13;13;0;0;13;13
65438;1340;308;13;13;0;0;13;13
65439;1353;308;13;13;0;0;13;13
65509;1366;308;13;13;0;0;13;13
