16;0.5;0.5;14
32;0;0;4;14;0;0;4;14
33;4;0;7;14;0;0;7;14
34;11;0;7;14;0;0;7;14
35;18;0;8;14;0;0;8;14
36;26;0;7;14;0;0;7;14
37;33;0;8;14;0;0;8;14
38;41;0;7;14;0;0;7;14
39;48;0;7;14;0;0;7;14
40;55;0;5;14;0;0;5;14
41;60;0;5;14;0;0;5;14
42;65;0;8;14;0;0;8;14
43;73;0;7;14;0;0;7;14
44;80;0;7;14;0;0;7;14
45;87;0;7;14;0;0;7;14
46;94;0;7;14;0;0;7;14
47;101;0;7;14;0;0;7;14
48;108;0;7;14;0;0;7;14
49;115;0;7;14;0;0;7;14
50;122;0;7;14;0;0;7;14
51;129;0;7;14;0;0;7;14
52;136;0;7;14;0;0;7;14
53;143;0;7;14;0;0;7;14
54;150;0;7;14;0;0;7;14
55;157;0;7;14;0;0;7;14
56;164;0;7;14;0;0;7;14
57;171;0;7;14;0;0;7;14
58;178;0;5;14;0;0;5;14
59;183;0;7;14;0;0;7;14
60;190;0;7;14;0;0;7;14
61;197;0;7;14;0;0;7;14
62;204;0;7;14;0;0;7;14
63;211;0;7;14;0;0;7;14
64;218;0;7;14;0;0;7;14
65;225;0;7;14;0;0;7;14
66;232;0;7;14;0;0;7;14
67;239;0;7;14;0;0;7;14
68;246;0;7;14;0;0;7;14
69;253;0;7;14;0;0;7;14
70;260;0;7;14;0;0;7;14
71;267;0;7;14;0;0;7;14
72;274;0;7;14;0;0;7;14
73;281;0;7;14;0;0;7;14
74;288;0;7;14;0;0;7;14
75;295;0;7;14;0;0;7;14
76;302;0;7;14;0;0;7;14
77;309;0;8;14;0;0;8;14
78;317;0;7;14;0;0;7;14
79;324;0;7;14;0;0;7;14
80;331;0;7;14;0;0;7;14
81;338;0;7;14;0;0;7;14
82;345;0;7;14;0;0;7;14
83;352;0;7;14;0;0;7;14
84;359;0;7;14;0;0;7;14
85;366;0;7;14;0;0;7;14
86;373;0;7;14;0;0;7;14
87;380;0;8;14;0;0;8;14
88;388;0;7;14;0;0;7;14
89;395;0;7;14;0;0;7;14
90;402;0;7;14;0;0;7;14
91;409;0;5;14;0;0;5;14
92;414;0;7;14;0;0;7;14
93;421;0;5;14;0;0;5;14
94;426;0;7;14;0;0;7;14
95;433;0;7;14;0;0;7;14
96;440;0;7;14;0;0;7;14
97;447;0;7;14;0;0;7;14
98;454;0;7;14;0;0;7;14
99;461;0;7;14;0;0;7;14
100;468;0;7;14;0;0;7;14
101;475;0;7;14;0;0;7;14
102;482;0;7;14;0;0;7;14
103;489;0;7;14;0;0;7;14
104;496;0;7;14;0;0;7;14
105;503;0;7;14;0;0;7;14
106;510;0;7;14;0;0;7;14
107;517;0;7;14;0;0;7;14
108;524;0;7;14;0;0;7;14
109;531;0;8;14;0;0;8;14
110;539;0;7;14;0;0;7;14
111;546;0;7;14;0;0;7;14
112;553;0;7;14;0;0;7;14
113;560;0;7;14;0;0;7;14
114;567;0;7;14;0;0;7;14
115;574;0;7;14;0;0;7;14
116;581;0;7;14;0;0;7;14
117;588;0;7;14;0;0;7;14
118;595;0;7;14;0;0;7;14
119;602;0;8;14;0;0;8;14
120;610;0;7;14;0;0;7;14
121;617;0;7;14;0;0;7;14
122;624;0;7;14;0;0;7;14
123;631;0;5;14;0;0;5;14
124;636;0;7;14;0;0;7;14
125;643;0;5;14;0;0;5;14
126;648;0;7;14;0;0;7;14
192;655;0;7;14;0;0;7;14
193;662;0;7;14;0;0;7;14
194;669;0;7;14;0;0;7;14
196;676;0;7;14;0;0;7;14
198;683;0;7;14;0;0;7;14
199;690;0;7;14;0;0;7;14
200;697;0;7;14;0;0;7;14
201;704;0;7;14;0;0;7;14
202;711;0;7;14;0;0;7;14
203;718;0;7;14;0;0;7;14
205;725;0;7;14;0;0;7;14
206;732;0;7;14;0;0;7;14
207;739;0;7;14;0;0;7;14
209;746;0;7;14;0;0;7;14
211;753;0;7;14;0;0;7;14
212;760;0;7;14;0;0;7;14
214;767;0;7;14;0;0;7;14
217;774;0;7;14;0;0;7;14
218;781;0;7;14;0;0;7;14
219;788;0;7;14;0;0;7;14
220;795;0;7;14;0;0;7;14
223;802;0;7;14;0;0;7;14
224;809;0;7;14;0;0;7;14
225;816;0;7;14;0;0;7;14
226;823;0;7;14;0;0;7;14
228;830;0;7;14;0;0;7;14
230;837;0;7;14;0;0;7;14
231;844;0;7;14;0;0;7;14
232;851;0;7;14;0;0;7;14
233;858;0;7;14;0;0;7;14
234;865;0;7;14;0;0;7;14
235;872;0;7;14;0;0;7;14
237;879;0;7;14;0;0;7;14
238;886;0;7;14;0;0;7;14
239;893;0;7;14;0;0;7;14
241;900;0;7;14;0;0;7;14
243;907;0;7;14;0;0;7;14
244;914;0;7;14;0;0;7;14
246;921;0;7;14;0;0;7;14
249;928;0;7;14;0;0;7;14
250;935;0;7;14;0;0;7;14
251;942;0;7;14;0;0;7;14
252;949;0;7;14;0;0;7;14
255;956;0;7;14;0;0;7;14
305;963;0;7;14;0;0;7;14
338;970;0;7;14;0;0;7;14
339;977;0;7;14;0;0;7;14
376;984;0;7;14;0;0;7;14
183;991;0;7;14;0;0;7;14
183;0;18;14;12;0;0;14;12
8212;14;18;14;12;0;0;14;12
8216;28;18;5;12;0;0;5;12
8217;33;18;5;12;0;0;5;12
8220;38;18;9;12;0;0;9;12
8221;47;18;9;12;0;0;9;12
8230;56;18;14;12;0;0;14;12
8592;70;18;14;12;0;0;14;12
8593;84;18;14;12;0;0;14;12
8594;98;18;14;12;0;0;14;12
8595;112;18;14;12;0;0;14;12
12288;126;18;14;12;0;0;14;12
12289;140;18;14;12;0;0;14;12
12290;154;18;14;12;0;0;14;12
12298;168;18;14;12;0;0;14;12
12299;182;18;14;12;0;0;14;12
12300;196;18;14;12;0;0;14;12
12301;210;18;14;12;0;0;14;12
12302;224;18;14;12;0;0;14;12
12303;238;18;14;12;0;0;14;12
12304;252;18;14;12;0;0;14;12
12305;266;18;14;12;0;0;14;12
12308;280;18;14;12;0;0;14;12
12309;294;18;14;12;0;0;14;12
12310;308;18;12;13;0;0;12;13
12311;320;18;12;13;0;0;12;13
12353;332;18;14;12;0;0;14;12
12354;346;18;14;12;0;0;14;12
12355;360;18;14;12;0;0;14;12
12356;374;18;14;12;0;0;14;12
12357;388;18;14;12;0;0;14;12
12358;402;18;14;12;0;0;14;12
12359;416;18;14;12;0;0;14;12
12360;430;18;14;12;0;0;14;12
12361;444;18;14;12;0;0;14;12
12362;458;18;14;12;0;0;14;12
12363;472;18;14;12;0;0;14;12
12364;486;18;14;12;0;0;14;12
12365;500;18;14;12;0;0;14;12
12366;514;18;14;12;0;0;14;12
12367;528;18;14;12;0;0;14;12
12368;542;18;14;12;0;0;14;12
12369;556;18;14;12;0;0;14;12
12370;570;18;14;12;0;0;14;12
12371;584;18;14;12;0;0;14;12
12372;598;18;14;12;0;0;14;12
12373;612;18;14;12;0;0;14;12
12374;626;18;14;12;0;0;14;12
12375;640;18;14;12;0;0;14;12
12376;654;18;14;12;0;0;14;12
12377;668;18;14;12;0;0;14;12
12378;682;18;14;12;0;0;14;12
12379;696;18;14;12;0;0;14;12
12380;710;18;14;12;0;0;14;12
12381;724;18;14;12;0;0;14;12
12382;738;18;14;12;0;0;14;12
12383;752;18;14;12;0;0;14;12
12384;766;18;14;12;0;0;14;12
12385;780;18;14;12;0;0;14;12
12386;794;18;14;12;0;0;14;12
12387;808;18;14;12;0;0;14;12
12388;822;18;14;12;0;0;14;12
12389;836;18;14;12;0;0;14;12
12390;850;18;14;12;0;0;14;12
12391;864;18;14;12;0;0;14;12
12392;878;18;14;12;0;0;14;12
12393;892;18;14;12;0;0;14;12
12394;906;18;14;12;0;0;14;12
12395;920;18;14;12;0;0;14;12
12396;934;18;14;12;0;0;14;12
12397;948;18;14;12;0;0;14;12
12398;962;18;14;12;0;0;14;12
12399;976;18;14;12;0;0;14;12
12400;990;18;14;12;0;0;14;12
12401;1004;18;14;12;0;0;14;12
12402;1018;18;14;12;0;0;14;12
12403;1032;18;14;12;0;0;14;12
12404;1046;18;14;12;0;0;14;12
12405;1060;18;14;12;0;0;14;12
12406;1074;18;14;12;0;0;14;12
12407;1088;18;14;12;0;0;14;12
12408;1102;18;14;12;0;0;14;12
12409;1116;18;14;12;0;0;14;12
12410;1130;18;14;12;0;0;14;12
12411;1144;18;14;12;0;0;14;12
12412;1158;18;14;12;0;0;14;12
12413;1172;18;14;12;0;0;14;12
12414;1186;18;14;12;0;0;14;12
12415;1200;18;14;12;0;0;14;12
12416;1214;18;14;12;0;0;14;12
12417;1228;18;14;12;0;0;14;12
12418;1242;18;14;12;0;0;14;12
12419;1256;18;14;12;0;0;14;12
12420;1270;18;14;12;0;0;14;12
12421;1284;18;14;12;0;0;14;12
12422;1298;18;14;12;0;0;14;12
12423;1312;18;14;12;0;0;14;12
12424;1326;18;14;12;0;0;14;12
12425;1340;18;14;12;0;0;14;12
12426;1354;18;14;12;0;0;14;12
12427;1368;18;14;12;0;0;14;12
12428;1382;18;14;12;0;0;14;12
12429;1396;18;14;12;0;0;14;12
12430;1410;18;14;12;0;0;14;12
12431;1424;18;14;12;0;0;14;12
12432;1438;18;14;12;0;0;14;12
12433;1452;18;14;12;0;0;14;12
12434;1466;18;14;12;0;0;14;12
12435;1480;18;14;12;0;0;14;12
12436;1494;18;12;13;0;0;12;13
12437;1506;18;12;13;0;0;12;13
12438;1518;18;12;13;0;0;12;13
12443;1530;18;14;12;0;0;14;12
12444;1544;18;14;12;0;0;14;12
12445;1558;18;14;12;0;0;14;12
12446;1572;18;14;12;0;0;14;12
12448;1586;18;12;13;0;0;12;13
12449;1598;18;14;12;0;0;14;12
12450;1612;18;14;12;0;0;14;12
12451;1626;18;14;12;0;0;14;12
12452;1640;18;14;12;0;0;14;12
12453;1654;18;14;12;0;0;14;12
12454;1668;18;14;12;0;0;14;12
12455;1682;18;14;12;0;0;14;12
12456;1696;18;14;12;0;0;14;12
12457;1710;18;14;12;0;0;14;12
12458;1724;18;14;12;0;0;14;12
12459;1738;18;14;12;0;0;14;12
12460;1752;18;14;12;0;0;14;12
12461;1766;18;14;12;0;0;14;12
12462;1780;18;14;12;0;0;14;12
12463;1794;18;14;12;0;0;14;12
12464;1808;18;14;12;0;0;14;12
12465;1822;18;14;12;0;0;14;12
12466;1836;18;14;12;0;0;14;12
12467;1850;18;14;12;0;0;14;12
12468;1864;18;14;12;0;0;14;12
12469;1878;18;14;12;0;0;14;12
12470;1892;18;14;12;0;0;14;12
12471;1906;18;14;12;0;0;14;12
12472;1920;18;14;12;0;0;14;12
12473;1934;18;14;12;0;0;14;12
12474;1948;18;14;12;0;0;14;12
12475;1962;18;14;12;0;0;14;12
12476;1976;18;14;12;0;0;14;12
12477;1990;18;14;12;0;0;14;12
12478;2004;18;14;12;0;0;14;12
12479;2018;18;14;12;0;0;14;12
12480;2032;18;14;12;0;0;14;12
12481;0;33;14;12;0;0;14;12
12482;14;33;14;12;0;0;14;12
12483;28;33;14;12;0;0;14;12
12484;42;33;14;12;0;0;14;12
12485;56;33;14;12;0;0;14;12
12486;70;33;14;12;0;0;14;12
12487;84;33;14;12;0;0;14;12
12488;98;33;14;12;0;0;14;12
12489;112;33;14;12;0;0;14;12
12490;126;33;14;12;0;0;14;12
12491;140;33;14;12;0;0;14;12
12492;154;33;14;12;0;0;14;12
12493;168;33;14;12;0;0;14;12
12494;182;33;14;12;0;0;14;12
12495;196;33;14;12;0;0;14;12
12496;210;33;14;12;0;0;14;12
12497;224;33;14;12;0;0;14;12
12498;238;33;14;12;0;0;14;12
12499;252;33;14;12;0;0;14;12
12500;266;33;14;12;0;0;14;12
12501;280;33;14;12;0;0;14;12
12502;294;33;14;12;0;0;14;12
12503;308;33;14;12;0;0;14;12
12504;322;33;14;12;0;0;14;12
12505;336;33;14;12;0;0;14;12
12506;350;33;14;12;0;0;14;12
12507;364;33;14;12;0;0;14;12
12508;378;33;14;12;0;0;14;12
12509;392;33;14;12;0;0;14;12
12510;406;33;14;12;0;0;14;12
12511;420;33;14;12;0;0;14;12
12512;434;33;14;12;0;0;14;12
12513;448;33;14;12;0;0;14;12
12514;462;33;14;12;0;0;14;12
12515;476;33;14;12;0;0;14;12
12516;490;33;14;12;0;0;14;12
12517;504;33;14;12;0;0;14;12
12518;518;33;14;12;0;0;14;12
12519;532;33;14;12;0;0;14;12
12520;546;33;14;12;0;0;14;12
12521;560;33;14;12;0;0;14;12
12522;574;33;14;12;0;0;14;12
12523;588;33;14;12;0;0;14;12
12524;602;33;14;12;0;0;14;12
12525;616;33;14;12;0;0;14;12
12526;630;33;14;12;0;0;14;12
12527;644;33;14;12;0;0;14;12
12528;658;33;14;12;0;0;14;12
12529;672;33;14;12;0;0;14;12
12530;686;33;14;12;0;0;14;12
12531;700;33;14;12;0;0;14;12
12532;714;33;14;12;0;0;14;12
12533;728;33;14;12;0;0;14;12
12534;742;33;14;12;0;0;14;12
12535;756;33;12;13;0;0;12;13
12536;768;33;12;13;0;0;12;13
12537;780;33;12;13;0;0;12;13
12538;792;33;12;13;0;0;12;13
12539;804;33;14;12;0;0;14;12
12540;818;33;14;12;0;0;14;12
12541;832;33;14;12;0;0;14;12
12542;846;33;14;12;0;0;14;12
19968;860;33;14;12;0;0;14;12
19969;874;33;14;12;0;0;14;12
19971;888;33;14;12;0;0;14;12
19975;902;33;14;12;0;0;14;12
19976;916;33;14;12;0;0;14;12
19977;930;33;14;12;0;0;14;12
19978;944;33;14;12;0;0;14;12
19979;958;33;14;12;0;0;14;12
19981;972;33;14;12;0;0;14;12
19982;986;33;14;12;0;0;14;12
19988;1000;33;14;12;0;0;14;12
19990;1014;33;14;12;0;0;14;12
19992;1028;33;14;12;0;0;14;12
19993;1042;33;14;12;0;0;14;12
20001;1056;33;14;12;0;0;14;12
20006;1070;33;14;12;0;0;14;12
20013;1084;33;14;12;0;0;14;12
20018;1098;33;14;12;0;0;14;12
20024;1112;33;14;12;0;0;14;12
20025;1126;33;14;12;0;0;14;12
20027;1140;33;14;12;0;0;14;12
20028;1154;33;14;12;0;0;14;12
20037;1168;33;14;12;0;0;14;12
20047;1182;33;14;12;0;0;14;12
20055;1196;33;14;12;0;0;14;12
20057;1210;33;14;12;0;0;14;12
20061;1224;33;14;12;0;0;14;12
20062;1238;33;14;12;0;0;14;12
20081;1252;33;14;12;0;0;14;12
20083;1266;33;14;12;0;0;14;12
20094;1280;33;14;12;0;0;14;12
20096;1294;33;14;12;0;0;14;12
20102;1308;33;14;12;0;0;14;12
20104;1322;33;14;12;0;0;14;12
20105;1336;33;14;12;0;0;14;12
20107;1350;33;14;12;0;0;14;12
20108;1364;33;14;12;0;0;14;12
20114;1378;33;14;12;0;0;14;12
20116;1392;33;14;12;0;0;14;12
20117;1406;33;14;12;0;0;14;12
20124;1420;33;14;12;0;0;14;12
20129;1434;33;14;12;0;0;14;12
20132;1448;33;14;12;0;0;14;12
20139;1462;33;14;12;0;0;14;12
20140;1476;33;14;12;0;0;14;12
20141;1490;33;14;12;0;0;14;12
20154;1504;33;14;12;0;0;14;12
20161;1518;33;14;12;0;0;14;12
20170;1532;33;14;12;0;0;14;12
20171;1546;33;14;12;0;0;14;12
20175;1560;33;14;12;0;0;14;12
20181;1574;33;14;12;0;0;14;12
20182;1588;33;14;12;0;0;14;12
20184;1602;33;14;12;0;0;14;12
20185;1616;33;14;12;0;0;14;12
20195;1630;33;14;12;0;0;14;12
20196;1644;33;14;12;0;0;14;12
20197;1658;33;14;12;0;0;14;12
20206;1672;33;14;12;0;0;14;12
20208;1686;33;14;12;0;0;14;12
20210;1700;33;14;12;0;0;14;12
20214;1714;33;14;12;0;0;14;12
20219;1728;33;14;12;0;0;14;12
20225;1742;33;14;12;0;0;14;12
20238;1756;33;14;12;0;0;14;12
20239;1770;33;14;12;0;0;14;12
20240;1784;33;14;12;0;0;14;12
20241;1798;33;14;12;0;0;14;12
20250;1812;33;14;12;0;0;14;12
20253;1826;33;14;12;0;0;14;12
20271;1840;33;14;12;0;0;14;12
20276;1854;33;14;12;0;0;14;12
20280;1868;33;14;12;0;0;14;12
20282;1882;33;14;12;0;0;14;12
20284;1896;33;14;12;0;0;14;12
20294;1910;33;14;12;0;0;14;12
20301;1924;33;14;12;0;0;14;12
20302;1938;33;14;12;0;0;14;12
20303;1952;33;14;12;0;0;14;12
20304;1966;33;14;12;0;0;14;12
20307;1980;33;14;12;0;0;14;12
20309;1994;33;14;12;0;0;14;12
20313;2008;33;14;12;0;0;14;12
20316;2022;33;14;12;0;0;14;12
20339;0;48;14;12;0;0;14;12
20341;14;48;14;12;0;0;14;12
20351;28;48;14;12;0;0;14;12
20363;42;48;14;12;0;0;14;12
20365;56;48;14;12;0;0;14;12
20379;70;48;14;12;0;0;14;12
20381;84;48;14;12;0;0;14;12
20385;98;48;14;12;0;0;14;12
20398;112;48;14;12;0;0;14;12
20399;126;48;14;12;0;0;14;12
20405;140;48;14;12;0;0;14;12
20406;154;48;14;12;0;0;14;12
20415;168;48;14;12;0;0;14;12
20418;182;48;14;12;0;0;14;12
20419;196;48;14;12;0;0;14;12
20426;210;48;14;12;0;0;14;12
20439;224;48;14;12;0;0;14;12
20445;238;48;14;12;0;0;14;12
20449;252;48;14;12;0;0;14;12
20462;266;48;14;12;0;0;14;12
20467;280;48;14;12;0;0;14;12
20469;294;48;14;12;0;0;14;12
20472;308;48;14;12;0;0;14;12
20474;322;48;14;12;0;0;14;12
20489;336;48;14;12;0;0;14;12
20491;350;48;14;12;0;0;14;12
20493;364;48;14;12;0;0;14;12
20498;378;48;14;12;0;0;14;12
20505;392;48;14;12;0;0;14;12
20511;406;48;14;12;0;0;14;12
20515;420;48;14;12;0;0;14;12
20516;434;48;14;12;0;0;14;12
20523;448;48;14;12;0;0;14;12
20537;462;48;14;12;0;0;14;12
20553;476;48;14;12;0;0;14;12
20559;490;48;14;12;0;0;14;12
20572;504;48;14;12;0;0;14;12
20581;518;48;14;12;0;0;14;12
20596;532;48;14;12;0;0;14;12
20597;546;48;14;12;0;0;14;12
20598;560;48;14;12;0;0;14;12
20605;574;48;14;12;0;0;14;12
20621;588;48;14;12;0;0;14;12
20625;602;48;14;12;0;0;14;12
20632;616;48;14;12;0;0;14;12
20633;630;48;14;12;0;0;14;12
20652;644;48;14;12;0;0;14;12
20658;658;48;14;12;0;0;14;12
20661;672;48;14;12;0;0;14;12
20663;686;48;14;12;0;0;14;12
20670;700;48;14;12;0;0;14;12
20677;714;48;14;12;0;0;14;12
20685;728;48;14;12;0;0;14;12
20687;742;48;14;12;0;0;14;12
20693;756;48;14;12;0;0;14;12
20698;770;48;14;12;0;0;14;12
20711;784;48;14;12;0;0;14;12
20736;798;48;14;12;0;0;14;12
20740;812;48;14;12;0;0;14;12
20754;826;48;14;12;0;0;14;12
20767;840;48;14;12;0;0;14;12
20778;854;48;14;12;0;0;14;12
20803;868;48;14;12;0;0;14;12
20804;882;48;14;12;0;0;14;12
20805;896;48;14;12;0;0;14;12
20806;910;48;14;12;0;0;14;12
20808;924;48;14;12;0;0;14;12
20809;938;48;14;12;0;0;14;12
20811;952;48;14;12;0;0;14;12
20813;966;48;14;12;0;0;14;12
20816;980;48;14;12;0;0;14;12
20826;994;48;14;12;0;0;14;12
20837;1008;48;14;12;0;0;14;12
20840;1022;48;14;12;0;0;14;12
20843;1036;48;14;12;0;0;14;12
20844;1050;48;14;12;0;0;14;12
20845;1064;48;14;12;0;0;14;12
20849;1078;48;14;12;0;0;14;12
20853;1092;48;14;12;0;0;14;12
20855;1106;48;14;12;0;0;14;12
20856;1120;48;14;12;0;0;14;12
20860;1134;48;14;12;0;0;14;12
20869;1148;48;14;12;0;0;14;12
20870;1162;48;14;12;0;0;14;12
20874;1176;48;14;12;0;0;14;12
20877;1190;48;14;12;0;0;14;12
20882;1204;48;14;12;0;0;14;12
20887;1218;48;14;12;0;0;14;12
20889;1232;48;14;12;0;0;14;12
20896;1246;48;14;12;0;0;14;12
20901;1260;48;14;12;0;0;14;12
20908;1274;48;14;12;0;0;14;12
20918;1288;48;14;12;0;0;14;12
20919;1302;48;14;12;0;0;14;12
20932;1316;48;14;12;0;0;14;12
20934;1330;48;14;12;0;0;14;12
20941;1344;48;14;12;0;0;14;12
20957;1358;48;14;12;0;0;14;12
20961;1372;48;14;12;0;0;14;12
20966;1386;48;14;12;0;0;14;12
20982;1400;48;14;12;0;0;14;12
20984;1414;48;14;12;0;0;14;12
20985;1428;48;14;12;0;0;14;12
20986;1442;48;14;12;0;0;14;12
20992;1456;48;14;12;0;0;14;12
20995;1470;48;14;12;0;0;14;12
20998;1484;48;14;12;0;0;14;12
20999;1498;48;14;12;0;0;14;12
21000;1512;48;14;12;0;0;14;12
21002;1526;48;14;12;0;0;14;12
21009;1540;48;14;12;0;0;14;12
21015;1554;48;14;12;0;0;14;12
21021;1568;48;14;12;0;0;14;12
21028;1582;48;14;12;0;0;14;12
21029;1596;48;14;12;0;0;14;12
21033;1610;48;14;12;0;0;14;12
21040;1624;48;14;12;0;0;14;12
21046;1638;48;14;12;0;0;14;12
21047;1652;48;14;12;0;0;14;12
21048;1666;48;14;12;0;0;14;12
21049;1680;48;14;12;0;0;14;12
21050;1694;48;14;12;0;0;14;12
21051;1708;48;14;12;0;0;14;12
21063;1722;48;14;12;0;0;14;12
21066;1736;48;14;12;0;0;14;12
21069;1750;48;14;12;0;0;14;12
21078;1764;48;14;12;0;0;14;12
21083;1778;48;14;12;0;0;14;12
21085;1792;48;12;13;0;0;12;13
21091;1804;48;14;12;0;0;14;12
21092;1818;48;14;12;0;0;14;12
21103;1832;48;14;12;0;0;14;12
21104;1846;48;14;12;0;0;14;12
21106;1860;48;14;12;0;0;14;12
21109;1874;48;14;12;0;0;14;12
21127;1888;48;14;12;0;0;14;12
21147;1902;48;14;12;0;0;14;12
21151;1916;48;14;12;0;0;14;12
21152;1930;48;14;12;0;0;14;12
21155;1944;48;14;12;0;0;14;12
21161;1958;48;14;12;0;0;14;12
21162;1972;48;14;12;0;0;14;12
21169;1986;48;14;12;0;0;14;12
21172;2000;48;14;12;0;0;14;12
21177;2014;48;14;12;0;0;14;12
21182;2028;48;14;12;0;0;14;12
21187;0;63;14;12;0;0;14;12
21189;14;63;14;12;0;0;14;12
21191;28;63;14;12;0;0;14;12
21193;42;63;14;12;0;0;14;12
21205;56;63;14;12;0;0;14;12
21208;70;63;14;12;0;0;14;12
21209;84;63;14;12;0;0;14;12
21213;98;63;14;12;0;0;14;12
21215;112;63;14;12;0;0;14;12
21218;126;63;14;12;0;0;14;12
21220;140;63;14;12;0;0;14;12
21223;154;63;14;12;0;0;14;12
21234;168;63;14;12;0;0;14;12
21246;182;63;14;12;0;0;14;12
21250;196;63;14;12;0;0;14;12
21253;210;63;14;12;0;0;14;12
21270;224;63;14;12;0;0;14;12
21271;238;63;14;12;0;0;14;12
21280;252;63;14;12;0;0;14;12
21305;266;63;14;12;0;0;14;12
21306;280;63;14;12;0;0;14;12
21307;294;63;14;12;0;0;14;12
21311;308;63;14;12;0;0;14;12
21313;322;63;14;12;0;0;14;12
21315;336;63;14;12;0;0;14;12
21319;350;63;14;12;0;0;14;12
21320;364;63;14;12;0;0;14;12
21322;378;63;14;12;0;0;14;12
21329;392;63;14;12;0;0;14;12
21330;406;63;14;12;0;0;14;12
21331;420;63;14;12;0;0;14;12
21332;434;63;14;12;0;0;14;12
21335;448;63;14;12;0;0;14;12
21336;462;63;14;12;0;0;14;12
21338;476;63;14;12;0;0;14;12
21344;490;63;14;12;0;0;14;12
21360;504;63;14;12;0;0;14;12
21361;518;63;14;12;0;0;14;12
21363;532;63;14;12;0;0;14;12
21364;546;63;14;12;0;0;14;12
21365;560;63;14;12;0;0;14;12
21368;574;63;14;12;0;0;14;12
21380;588;63;14;12;0;0;14;12
21400;602;63;14;12;0;0;14;12
21402;616;63;14;12;0;0;14;12
21407;630;63;14;12;0;0;14;12
21427;644;63;14;12;0;0;14;12
21435;658;63;14;12;0;0;14;12
21442;672;63;14;12;0;0;14;12
21448;686;63;14;12;0;0;14;12
21450;700;63;14;12;0;0;14;12
21451;714;63;14;12;0;0;14;12
21452;728;63;14;12;0;0;14;12
21453;742;63;14;12;0;0;14;12
21454;756;63;14;12;0;0;14;12
21460;770;63;14;12;0;0;14;12
21462;784;63;14;12;0;0;14;12
21463;798;63;14;12;0;0;14;12
21465;812;63;14;12;0;0;14;12
21475;826;63;14;12;0;0;14;12
21476;840;63;14;12;0;0;14;12
21477;854;63;14;12;0;0;14;12
21483;868;63;14;12;0;0;14;12
21484;882;63;14;12;0;0;14;12
21487;896;63;14;12;0;0;14;12
21488;910;63;14;12;0;0;14;12
21490;924;63;14;12;0;0;14;12
21491;938;63;14;12;0;0;14;12
21495;952;63;14;12;0;0;14;12
21496;966;63;14;12;0;0;14;12
21508;980;63;14;12;0;0;14;12
21512;994;63;14;12;0;0;14;12
21513;1008;63;14;12;0;0;14;12
21516;1022;63;14;12;0;0;14;12
21517;1036;63;14;12;0;0;14;12
21518;1050;63;14;12;0;0;14;12
21519;1064;63;14;12;0;0;14;12
21520;1078;63;14;12;0;0;14;12
21521;1092;63;14;12;0;0;14;12
21531;1106;63;14;12;0;0;14;12
21535;1120;63;14;12;0;0;14;12
21542;1134;63;14;12;0;0;14;12
21547;1148;63;14;12;0;0;14;12
21560;1162;63;14;12;0;0;14;12
21561;1176;63;14;12;0;0;14;12
21570;1190;63;14;12;0;0;14;12
21576;1204;63;14;12;0;0;14;12
21577;1218;63;14;12;0;0;14;12
21578;1232;63;14;12;0;0;14;12
21608;1246;63;14;12;0;0;14;12
21610;1260;63;14;12;0;0;14;12
21619;1274;63;14;12;0;0;14;12
21628;1288;63;14;12;0;0;14;12
21629;1302;63;14;12;0;0;14;12
21644;1316;63;14;12;0;0;14;12
21682;1330;63;14;12;0;0;14;12
21693;1344;63;14;12;0;0;14;12
21696;1358;63;14;12;0;0;14;12
21697;1372;63;14;12;0;0;14;12
21729;1386;63;14;12;0;0;14;12
21746;1400;63;14;12;0;0;14;12
21754;1414;63;14;12;0;0;14;12
21764;1428;63;14;12;0;0;14;12
21766;1442;63;14;12;0;0;14;12
21767;1456;63;14;12;0;0;14;12
21776;1470;63;14;12;0;0;14;12
21807;1484;63;14;12;0;0;14;12
21809;1498;63;14;12;0;0;14;12
21822;1512;63;14;12;0;0;14;12
21830;1526;63;14;12;0;0;14;12
21839;1540;63;14;12;0;0;14;12
21843;1554;63;14;12;0;0;14;12
21892;1568;63;14;12;0;0;14;12
21897;1582;63;14;12;0;0;14;12
21914;1596;63;14;12;0;0;14;12
21916;1610;63;14;12;0;0;14;12
21917;1624;63;14;12;0;0;14;12
21929;1638;63;14;12;0;0;14;12
21930;1652;63;14;12;0;0;14;12
21931;1666;63;14;12;0;0;14;12
21942;1680;63;14;12;0;0;14;12
21957;1694;63;14;12;0;0;14;12
21987;1708;63;14;12;0;0;14;12
22022;1722;63;14;12;0;0;14;12
22065;1736;63;14;12;0;0;14;12
22066;1750;63;14;12;0;0;14;12
22120;1764;63;14;12;0;0;14;12
22132;1778;63;14;12;0;0;14;12
22151;1792;63;14;12;0;0;14;12
22234;1806;63;14;12;0;0;14;12
22235;1820;63;14;12;0;0;14;12
22238;1834;63;14;12;0;0;14;12
22240;1848;63;14;12;0;0;14;12
22243;1862;63;14;12;0;0;14;12
22256;1876;63;14;12;0;0;14;12
22258;1890;63;14;12;0;0;14;12
22259;1904;63;14;12;0;0;14;12
22266;1918;63;14;12;0;0;14;12
22269;1932;63;14;12;0;0;14;12
22287;1946;63;14;12;0;0;14;12
22290;1960;63;14;12;0;0;14;12
22303;1974;63;14;12;0;0;14;12
22311;1988;63;14;12;0;0;14;12
22312;2002;63;14;12;0;0;14;12
22320;2016;63;14;12;0;0;14;12
22338;2030;63;14;12;0;0;14;12
22343;0;78;14;12;0;0;14;12
22346;14;78;14;12;0;0;14;12
22353;28;78;14;12;0;0;14;12
22378;42;78;14;12;0;0;14;12
22402;56;78;14;12;0;0;14;12
22411;70;78;14;12;0;0;14;12
22435;84;78;14;12;0;0;14;12
22475;98;78;14;12;0;0;14;12
22478;112;78;14;12;0;0;14;12
22495;126;78;14;12;0;0;14;12
22519;140;78;14;12;0;0;14;12
22521;154;78;14;12;0;0;14;12
22522;168;78;14;12;0;0;14;12
22524;182;78;14;12;0;0;14;12
22528;196;78;14;12;0;0;14;12
22530;210;78;14;12;0;0;14;12
22533;224;78;14;12;0;0;14;12
22534;238;78;14;12;0;0;14;12
22549;252;78;14;12;0;0;14;12
22564;266;78;14;12;0;0;14;12
22570;280;78;14;12;0;0;14;12
22577;294;78;14;12;0;0;14;12
22580;308;78;14;12;0;0;14;12
22592;322;78;14;12;0;0;14;12
22593;336;78;14;12;0;0;14;12
22602;350;78;14;12;0;0;14;12
22609;364;78;14;12;0;0;14;12
22612;378;78;14;12;0;0;14;12
22615;392;78;14;12;0;0;14;12
22618;406;78;14;12;0;0;14;12
22622;420;78;14;12;0;0;14;12
22625;434;78;12;13;0;0;12;13
22633;446;78;14;12;0;0;14;12
22654;460;78;14;12;0;0;14;12
22659;474;78;14;12;0;0;14;12
22675;488;78;14;12;0;0;14;12
22679;502;78;14;12;0;0;14;12
22684;516;78;14;12;0;0;14;12
22696;530;78;14;12;0;0;14;12
22707;544;78;14;12;0;0;14;12
22718;558;78;14;12;0;0;14;12
22721;572;78;14;12;0;0;14;12
22727;586;78;14;12;0;0;14;12
22730;600;78;14;12;0;0;14;12
22732;614;78;14;12;0;0;14;12
22763;628;78;14;12;0;0;14;12
22766;642;78;14;12;0;0;14;12
22768;656;78;14;12;0;0;14;12
22769;670;78;14;12;0;0;14;12
22770;684;78;14;12;0;0;14;12
22793;698;78;14;12;0;0;14;12
22799;712;78;14;12;0;0;14;12
22805;726;78;14;12;0;0;14;12
22806;740;78;14;12;0;0;14;12
22810;754;78;14;12;0;0;14;12
22812;768;78;14;12;0;0;14;12
22818;782;78;14;12;0;0;14;12
22823;796;78;14;12;0;0;14;12
22825;810;78;14;12;0;0;14;12
22826;824;78;14;12;0;0;14;12
22827;838;78;14;12;0;0;14;12
22830;852;78;14;12;0;0;14;12
22833;866;78;14;12;0;0;14;12
22855;880;78;14;12;0;0;14;12
22856;894;78;14;12;0;0;14;12
22857;908;78;14;12;0;0;14;12
22863;922;78;14;12;0;0;14;12
22865;936;78;14;12;0;0;14;12
22868;950;78;14;12;0;0;14;12
22885;964;78;14;12;0;0;14;12
22888;978;78;14;12;0;0;14;12
22890;992;78;14;12;0;0;14;12
22894;1006;78;14;12;0;0;14;12
22899;1020;78;14;12;0;0;14;12
22900;1034;78;14;12;0;0;14;12
22909;1048;78;14;12;0;0;14;12
22914;1062;78;14;12;0;0;14;12
22915;1076;78;14;12;0;0;14;12
22916;1090;78;14;12;0;0;14;12
22922;1104;78;14;12;0;0;14;12
22934;1118;78;14;12;0;0;14;12
22937;1132;78;14;12;0;0;14;12
22949;1146;78;14;12;0;0;14;12
22952;1160;78;14;12;0;0;14;12
22956;1174;78;14;12;0;0;14;12
22969;1188;78;14;12;0;0;14;12
22971;1202;78;14;12;0;0;14;12
22985;1216;78;14;12;0;0;14;12
22987;1230;78;14;12;0;0;14;12
22995;1244;78;14;12;0;0;14;12
22996;1258;78;14;12;0;0;14;12
23019;1272;78;14;12;0;0;14;12
23035;1286;78;14;12;0;0;14;12
23039;1300;78;14;12;0;0;14;12
23041;1314;78;14;12;0;0;14;12
23064;1328;78;14;12;0;0;14;12
23072;1342;78;14;12;0;0;14;12
23087;1356;78;14;12;0;0;14;12
23110;1370;78;14;12;0;0;14;12
23130;1384;78;14;12;0;0;14;12
23142;1398;78;14;12;0;0;14;12
23167;1412;78;14;12;0;0;14;12
23186;1426;78;14;12;0;0;14;12
23195;1440;78;14;12;0;0;14;12
23233;1454;78;14;12;0;0;14;12
23241;1468;78;14;12;0;0;14;12
23244;1482;78;14;12;0;0;14;12
23265;1496;78;14;12;0;0;14;12
23330;1510;78;14;12;0;0;14;12
23376;1524;78;14;12;0;0;14;12
23380;1538;78;14;12;0;0;14;12
23383;1552;78;14;12;0;0;14;12
23384;1566;78;14;12;0;0;14;12
23389;1580;78;14;12;0;0;14;12
23395;1594;78;14;12;0;0;14;12
23396;1608;78;14;12;0;0;14;12
23398;1622;78;14;12;0;0;14;12
23403;1636;78;14;12;0;0;14;12
23429;1650;78;14;12;0;0;14;12
23431;1664;78;14;12;0;0;14;12
23432;1678;78;14;12;0;0;14;12
23433;1692;78;14;12;0;0;14;12
23436;1706;78;14;12;0;0;14;12
23447;1720;78;14;12;0;0;14;12
23448;1734;78;14;12;0;0;14;12
23449;1748;78;14;12;0;0;14;12
23450;1762;78;14;12;0;0;14;12
23451;1776;78;14;12;0;0;14;12
23452;1790;78;14;12;0;0;14;12
23453;1804;78;14;12;0;0;14;12
23455;1818;78;14;12;0;0;14;12
23458;1832;78;14;12;0;0;14;12
23459;1846;78;14;12;0;0;14;12
23460;1860;78;14;12;0;0;14;12
23470;1874;78;14;12;0;0;14;12
23472;1888;78;14;12;0;0;14;12
23475;1902;78;14;12;0;0;14;12
23476;1916;78;14;12;0;0;14;12
23477;1930;78;14;12;0;0;14;12
23478;1944;78;14;12;0;0;14;12
23481;1958;78;14;12;0;0;14;12
23487;1972;78;14;12;0;0;14;12
23490;1986;78;14;12;0;0;14;12
23492;2000;78;14;12;0;0;14;12
23494;2014;78;14;12;0;0;14;12
23500;2028;78;14;12;0;0;14;12
23506;0;93;14;12;0;0;14;12
23515;14;93;14;12;0;0;14;12
23517;28;93;14;12;0;0;14;12
23519;42;93;14;12;0;0;14;12
23521;56;93;14;12;0;0;14;12
23527;70;93;14;12;0;0;14;12
23529;84;93;14;12;0;0;14;12
23534;98;93;14;12;0;0;14;12
23544;112;93;14;12;0;0;14;12
23546;126;93;14;12;0;0;14;12
23550;140;93;14;12;0;0;14;12
23551;154;93;14;12;0;0;14;12
23553;168;93;14;12;0;0;14;12
23554;182;93;14;12;0;0;14;12
23556;196;93;14;12;0;0;14;12
23558;210;93;14;12;0;0;14;12
23561;224;93;14;12;0;0;14;12
23562;238;93;14;12;0;0;14;12
23563;252;93;14;12;0;0;14;12
23566;266;93;14;12;0;0;14;12
23567;280;93;14;12;0;0;14;12
23569;294;93;14;12;0;0;14;12
23578;308;93;14;12;0;0;14;12
23601;322;93;14;12;0;0;14;12
23610;336;93;14;12;0;0;14;12
23611;350;93;14;12;0;0;14;12
23612;364;93;14;12;0;0;14;12
23613;378;93;14;12;0;0;14;12
23614;392;93;14;12;0;0;14;12
23615;406;93;14;12;0;0;14;12
23616;420;93;14;12;0;0;14;12
23621;434;93;14;12;0;0;14;12
23624;448;93;14;12;0;0;14;12
23626;462;93;14;12;0;0;14;12
23627;476;93;14;12;0;0;14;12
23637;490;93;14;12;0;0;14;12
23646;504;93;14;12;0;0;14;12
23652;518;93;14;12;0;0;14;12
23653;532;93;14;12;0;0;14;12
23663;546;93;14;12;0;0;14;12
23665;560;93;14;12;0;0;14;12
23696;574;93;14;12;0;0;14;12
23713;588;93;14;12;0;0;14;12
23721;602;93;14;12;0;0;14;12
23724;616;93;14;12;0;0;14;12
23731;630;93;14;12;0;0;14;12
23736;644;93;14;12;0;0;14;12
23776;658;93;14;12;0;0;14;12
23777;672;93;14;12;0;0;14;12
23792;686;93;14;12;0;0;14;12
23798;700;93;14;12;0;0;14;12
23815;714;93;14;12;0;0;14;12
23822;728;93;14;12;0;0;14;12
23830;742;93;14;12;0;0;14;12
23849;756;93;14;12;0;0;14;12
23888;770;93;14;12;0;0;14;12
24029;784;93;14;12;0;0;14;12
24030;798;93;14;12;0;0;14;12
24033;812;93;14;12;0;0;14;12
24035;826;93;14;12;0;0;14;12
24037;840;93;14;12;0;0;14;12
24038;854;93;14;12;0;0;14;12
24039;868;93;14;12;0;0;14;12
24040;882;93;14;12;0;0;14;12
24046;896;93;14;12;0;0;14;12
24049;910;93;14;12;0;0;14;12
24059;924;93;14;12;0;0;14;12
24062;938;93;14;12;0;0;14;12
24066;952;93;14;12;0;0;14;12
24067;966;93;14;12;0;0;14;12
24070;980;93;14;12;0;0;14;12
24076;994;93;14;12;0;0;14;12
24093;1008;93;14;12;0;0;14;12
24101;1022;93;14;12;0;0;14;12
24107;1036;93;14;12;0;0;14;12
24109;1050;93;14;12;0;0;14;12
24111;1064;93;14;12;0;0;14;12
24112;1078;93;14;12;0;0;14;12
24115;1092;93;14;12;0;0;14;12
24120;1106;93;14;12;0;0;14;12
24125;1120;93;14;12;0;0;14;12
24133;1134;93;14;12;0;0;14;12
24149;1148;93;14;12;0;0;14;12
24163;1162;93;14;12;0;0;14;12
24178;1176;93;14;12;0;0;14;12
24179;1190;93;14;12;0;0;14;12
24180;1204;93;14;12;0;0;14;12
24184;1218;93;14;12;0;0;14;12
24185;1232;93;14;12;0;0;14;12
24187;1246;93;14;12;0;0;14;12
24188;1260;93;14;12;0;0;14;12
24189;1274;93;14;12;0;0;14;12
24190;1288;93;14;12;0;0;14;12
24193;1302;93;14;12;0;0;14;12
24195;1316;93;14;12;0;0;14;12
24202;1330;93;14;12;0;0;14;12
24207;1344;93;14;12;0;0;14;12
24213;1358;93;14;12;0;0;14;12
24215;1372;93;14;12;0;0;14;12
24220;1386;93;14;12;0;0;14;12
24230;1400;93;14;12;0;0;14;12
24231;1414;93;14;12;0;0;14;12
24235;1428;93;14;12;0;0;14;12
24237;1442;93;14;12;0;0;14;12
24246;1456;93;14;12;0;0;14;12
24247;1470;93;14;12;0;0;14;12
24248;1484;93;14;12;0;0;14;12
24259;1498;93;14;12;0;0;14;12
24265;1512;93;14;12;0;0;14;12
24266;1526;93;14;12;0;0;14;12
24310;1540;93;14;12;0;0;14;12
24311;1554;93;14;12;0;0;14;12
24314;1568;93;14;12;0;0;14;12
24321;1582;93;14;12;0;0;14;12
24324;1596;93;14;12;0;0;14;12
24330;1610;93;14;12;0;0;14;12
24335;1624;93;14;12;0;0;14;12
24336;1638;93;14;12;0;0;14;12
24339;1652;93;14;12;0;0;14;12
24340;1666;93;14;12;0;0;14;12
24341;1680;93;14;12;0;0;14;12
24351;1694;93;14;12;0;0;14;12
24357;1708;93;14;12;0;0;14;12
24358;1722;93;14;12;0;0;14;12
24359;1736;93;14;12;0;0;14;12
24369;1750;93;14;12;0;0;14;12
24373;1764;93;14;12;0;0;14;12
24375;1778;93;14;12;0;0;14;12
24382;1792;93;14;12;0;0;14;12
24403;1806;93;14;12;0;0;14;12
24409;1820;93;14;12;0;0;14;12
24418;1834;93;14;12;0;0;14;12
24425;1848;93;14;12;0;0;14;12
24427;1862;93;14;12;0;0;14;12
24432;1876;93;14;12;0;0;14;12
24433;1890;93;14;12;0;0;14;12
24441;1904;93;14;12;0;0;14;12
24444;1918;93;14;12;0;0;14;12
24448;1932;93;14;12;0;0;14;12
24449;1946;93;14;12;0;0;14;12
24452;1960;93;14;12;0;0;14;12
24453;1974;93;14;12;0;0;14;12
24459;1988;93;14;12;0;0;14;12
24460;2002;93;14;12;0;0;14;12
24464;2016;93;14;12;0;0;14;12
24466;2030;93;14;12;0;0;14;12
24467;0;108;14;12;0;0;14;12
24471;14;108;14;12;0;0;14;12
24481;28;108;14;12;0;0;14;12
24489;42;108;14;12;0;0;14;12
24490;56;108;14;12;0;0;14;12
24494;70;108;14;12;0;0;14;12
24499;84;108;14;12;0;0;14;12
24500;98;108;14;12;0;0;14;12
24505;112;108;14;12;0;0;14;12
24515;126;108;14;12;0;0;14;12
24517;140;108;14;12;0;0;14;12
24524;154;108;14;12;0;0;14;12
24525;168;108;14;12;0;0;14;12
24535;182;108;14;12;0;0;14;12
24536;196;108;14;12;0;0;14;12
24537;210;108;14;12;0;0;14;12
24540;224;108;14;12;0;0;14;12
24544;238;108;14;12;0;0;14;12
24555;252;108;14;12;0;0;14;12
24565;266;108;14;12;0;0;14;12
24594;280;108;14;12;0;0;14;12
24598;294;108;14;12;0;0;14;12
24605;308;108;14;12;0;0;14;12
24608;322;108;14;12;0;0;14;12
24613;336;108;14;12;0;0;14;12
24615;350;108;14;12;0;0;14;12
24616;364;108;14;12;0;0;14;12
24618;378;108;14;12;0;0;14;12
24651;392;108;14;12;0;0;14;12
24656;406;108;14;12;0;0;14;12
24658;420;108;14;12;0;0;14;12
24675;434;108;14;12;0;0;14;12
24677;448;108;14;12;0;0;14;12
24680;462;108;14;12;0;0;14;12
24681;476;108;14;12;0;0;14;12
24685;490;108;14;12;0;0;14;12
24687;504;108;14;12;0;0;14;12
24693;518;108;14;12;0;0;14;12
24724;532;108;14;12;0;0;14;12
24735;546;108;14;12;0;0;14;12
24736;560;108;14;12;0;0;14;12
24739;574;108;14;12;0;0;14;12
24742;588;108;14;12;0;0;14;12
24745;602;108;14;12;0;0;14;12
24746;616;108;14;12;0;0;14;12
24754;630;108;14;12;0;0;14;12
24764;644;108;14;12;0;0;14;12
24773;658;108;14;12;0;0;14;12
24785;672;108;14;12;0;0;14;12
24796;686;108;14;12;0;0;14;12
24807;700;108;14;12;0;0;14;12
24808;714;108;14;12;0;0;14;12
24816;728;108;14;12;0;0;14;12
24819;742;108;14;12;0;0;14;12
24833;756;108;14;12;0;0;14;12
24841;770;108;14;12;0;0;14;12
24847;784;108;14;12;0;0;14;12
24858;798;108;14;12;0;0;14;12
24859;812;108;14;12;0;0;14;12
24863;826;108;14;12;0;0;14;12
24900;840;108;14;12;0;0;14;12
24904;854;108;14;12;0;0;14;12
24907;868;108;14;12;0;0;14;12
24908;882;108;14;12;0;0;14;12
24910;896;108;14;12;0;0;14;12
24917;910;108;14;12;0;0;14;12
24930;924;108;14;12;0;0;14;12
24931;938;108;14;12;0;0;14;12
24936;952;108;14;12;0;0;14;12
24942;966;108;14;12;0;0;14;12
24944;980;108;14;12;0;0;14;12
24950;994;108;14;12;0;0;14;12
24962;1008;108;14;12;0;0;14;12
24974;1022;108;14;12;0;0;14;12
24996;1036;108;14;12;0;0;14;12
24999;1050;108;14;12;0;0;14;12
25001;1064;108;14;12;0;0;14;12
25004;1078;108;14;12;0;0;14;12
25010;1092;108;14;12;0;0;14;12
25014;1106;108;14;12;0;0;14;12
25022;1120;108;14;12;0;0;14;12
25031;1134;108;14;12;0;0;14;12
25040;1148;108;14;12;0;0;14;12
25074;1162;108;14;12;0;0;14;12
25080;1176;108;14;12;0;0;14;12
25104;1190;108;14;12;0;0;14;12
25105;1204;108;14;12;0;0;14;12
25106;1218;108;14;12;0;0;14;12
25114;1232;108;14;12;0;0;14;12
25126;1246;108;14;12;0;0;14;12
25135;1260;108;14;12;0;0;14;12
25140;1274;108;14;12;0;0;14;12
25144;1288;108;14;12;0;0;14;12
25147;1302;108;14;12;0;0;14;12
25151;1316;108;14;12;0;0;14;12
25152;1330;108;14;12;0;0;14;12
25159;1344;108;14;12;0;0;14;12
25161;1358;108;14;12;0;0;14;12
25163;1372;108;14;12;0;0;14;12
25165;1386;108;14;12;0;0;14;12
25171;1400;108;14;12;0;0;14;12
25173;1414;108;14;12;0;0;14;12
25201;1428;108;14;12;0;0;14;12
25206;1442;108;14;12;0;0;14;12
25209;1456;108;14;12;0;0;14;12
25215;1470;108;14;12;0;0;14;12
25216;1484;108;14;12;0;0;14;12
25220;1498;108;14;12;0;0;14;12
25226;1512;108;14;12;0;0;14;12
25233;1526;108;14;12;0;0;14;12
25237;1540;108;14;12;0;0;14;12
25239;1554;108;14;12;0;0;14;12
25240;1568;108;14;12;0;0;14;12
25244;1582;108;14;12;0;0;14;12
25246;1596;108;14;12;0;0;14;12
25259;1610;108;14;12;0;0;14;12
25265;1624;108;14;12;0;0;14;12
25269;1638;108;14;12;0;0;14;12
25273;1652;108;14;12;0;0;14;12
25276;1666;108;14;12;0;0;14;12
25277;1680;108;14;12;0;0;14;12
25285;1694;108;14;12;0;0;14;12
25289;1708;108;14;12;0;0;14;12
25293;1722;108;14;12;0;0;14;12
25296;1736;108;14;12;0;0;14;12
25298;1750;108;14;12;0;0;14;12
25299;1764;108;14;12;0;0;14;12
25304;1778;108;14;12;0;0;14;12
25305;1792;108;14;12;0;0;14;12
25307;1806;108;14;12;0;0;14;12
25309;1820;108;14;12;0;0;14;12
25312;1834;108;14;12;0;0;14;12
25313;1848;108;14;12;0;0;14;12
25324;1862;108;14;12;0;0;14;12
25325;1876;108;14;12;0;0;14;12
25331;1890;108;14;12;0;0;14;12
25334;1904;108;14;12;0;0;14;12
25335;1918;108;14;12;0;0;14;12
25342;1932;108;14;12;0;0;14;12
25345;1946;108;14;12;0;0;14;12
25351;1960;108;14;12;0;0;14;12
25361;1974;108;14;12;0;0;14;12
25369;1988;108;14;12;0;0;14;12
25375;2002;108;14;12;0;0;14;12
25384;2016;108;14;12;0;0;14;12
25387;2030;108;14;12;0;0;14;12
25391;0;123;14;12;0;0;14;12
25407;14;123;14;12;0;0;14;12
25417;28;123;14;12;0;0;14;12
25429;42;123;14;12;0;0;14;12
25431;56;123;14;12;0;0;14;12
25436;70;123;14;12;0;0;14;12
25448;84;123;14;12;0;0;14;12
25454;98;123;14;12;0;0;14;12
25467;112;123;14;12;0;0;14;12
25475;126;123;14;12;0;0;14;12
25480;140;123;14;12;0;0;14;12
25484;154;123;14;12;0;0;14;12
25490;168;123;14;12;0;0;14;12
25496;182;123;14;12;0;0;14;12
25499;196;123;14;12;0;0;14;12
25505;210;123;14;12;0;0;14;12
25506;224;123;14;12;0;0;14;12
25509;238;123;14;12;0;0;14;12
25511;252;123;14;12;0;0;14;12
25512;266;123;14;12;0;0;14;12
25514;280;123;14;12;0;0;14;12
25522;294;123;14;12;0;0;14;12
25551;308;123;14;12;0;0;14;12
25552;322;123;14;12;0;0;14;12
25562;336;123;14;12;0;0;14;12
25563;350;123;14;12;0;0;14;12
25569;364;123;14;12;0;0;14;12
25582;378;123;14;12;0;0;14;12
25588;392;123;14;12;0;0;14;12
25594;406;123;14;12;0;0;14;12
25613;420;123;14;12;0;0;14;12
25644;434;123;14;12;0;0;14;12
25645;448;123;14;12;0;0;14;12
25658;462;123;14;12;0;0;14;12
25662;476;123;14;12;0;0;14;12
25666;490;123;14;12;0;0;14;12
25688;504;123;14;12;0;0;14;12
25705;518;123;14;12;0;0;14;12
25711;532;123;14;12;0;0;14;12
25731;546;123;14;12;0;0;14;12
25764;560;123;14;12;0;0;14;12
25774;574;123;14;12;0;0;14;12
25778;588;123;14;12;0;0;14;12
25793;602;123;14;12;0;0;14;12
25805;616;123;14;12;0;0;14;12
25830;630;123;14;12;0;0;14;12
25836;644;123;14;12;0;0;14;12
25903;658;123;14;12;0;0;14;12
25913;672;123;14;12;0;0;14;12
25915;686;123;14;12;0;0;14;12
25918;700;123;14;12;0;0;14;12
25919;714;123;14;12;0;0;14;12
25925;728;123;14;12;0;0;14;12
25935;742;123;14;12;0;0;14;12
25937;756;123;14;12;0;0;14;12
25943;770;123;14;12;0;0;14;12
25945;784;123;14;12;0;0;14;12
25954;798;123;14;12;0;0;14;12
25955;812;123;14;12;0;0;14;12
25964;826;123;14;12;0;0;14;12
25968;840;123;14;12;0;0;14;12
25972;854;123;14;12;0;0;14;12
25973;868;123;14;12;0;0;14;12
25975;882;123;14;12;0;0;14;12
25991;896;123;14;12;0;0;14;12
25993;910;123;14;12;0;0;14;12
25998;924;123;14;12;0;0;14;12
26001;938;123;14;12;0;0;14;12
26007;952;123;14;12;0;0;14;12
26009;966;123;14;12;0;0;14;12
26012;980;123;14;12;0;0;14;12
26020;994;123;14;12;0;0;14;12
26021;1008;123;14;12;0;0;14;12
26028;1022;123;14;12;0;0;14;12
26029;1036;123;14;12;0;0;14;12
26032;1050;123;14;12;0;0;14;12
26041;1064;123;14;12;0;0;14;12
26045;1078;123;14;12;0;0;14;12
26053;1092;123;14;12;0;0;14;12
26059;1106;123;14;12;0;0;14;12
26063;1120;123;14;12;0;0;14;12
26071;1134;123;14;12;0;0;14;12
26082;1148;123;14;12;0;0;14;12
26085;1162;123;14;12;0;0;14;12
26086;1176;123;14;12;0;0;14;12
26087;1190;123;14;12;0;0;14;12
26088;1204;123;14;12;0;0;14;12
26089;1218;123;14;12;0;0;14;12
26092;1232;123;14;12;0;0;14;12
26106;1246;123;14;12;0;0;14;12
26118;1260;123;14;12;0;0;14;12
26119;1274;123;14;12;0;0;14;12
26126;1288;123;14;12;0;0;14;12
26131;1302;123;14;12;0;0;14;12
26132;1316;123;14;12;0;0;14;12
26143;1330;123;14;12;0;0;14;12
26144;1344;123;14;12;0;0;14;12
26149;1358;123;14;12;0;0;14;12
26151;1372;123;14;12;0;0;14;12
26152;1386;123;14;12;0;0;14;12
26157;1400;123;14;12;0;0;14;12
26159;1414;123;14;12;0;0;14;12
26172;1428;123;14;12;0;0;14;12
26178;1442;123;14;12;0;0;14;12
26217;1456;123;14;12;0;0;14;12
26222;1470;123;14;12;0;0;14;12
26223;1484;123;14;12;0;0;14;12
26228;1498;123;14;12;0;0;14;12
26230;1512;123;14;12;0;0;14;12
26241;1526;123;14;12;0;0;14;12
26247;1540;123;14;12;0;0;14;12
26257;1554;123;14;12;0;0;14;12
26262;1568;123;14;12;0;0;14;12
26263;1582;123;14;12;0;0;14;12
26278;1596;123;14;12;0;0;14;12
26283;1610;123;14;12;0;0;14;12
26286;1624;123;14;12;0;0;14;12
26292;1638;123;14;12;0;0;14;12
26311;1652;123;14;12;0;0;14;12
26326;1666;123;14;12;0;0;14;12
26332;1680;123;14;12;0;0;14;12
26354;1694;123;14;12;0;0;14;12
26356;1708;123;14;12;0;0;14;12
26360;1722;123;14;12;0;0;14;12
26361;1736;123;14;12;0;0;14;12
26365;1750;123;14;12;0;0;14;12
26367;1764;123;14;12;0;0;14;12
26368;1778;123;14;12;0;0;14;12
26376;1792;123;14;12;0;0;14;12
26377;1806;123;14;12;0;0;14;12
26381;1820;123;14;12;0;0;14;12
26389;1834;123;14;12;0;0;14;12
26391;1848;123;14;12;0;0;14;12
26395;1862;123;14;12;0;0;14;12
26397;1876;123;14;12;0;0;14;12
26399;1890;123;14;12;0;0;14;12
26408;1904;123;14;12;0;0;14;12
26410;1918;123;14;12;0;0;14;12
26411;1932;123;14;12;0;0;14;12
26412;1946;123;14;12;0;0;14;12
26413;1960;123;14;12;0;0;14;12
26417;1974;123;14;12;0;0;14;12
26420;1988;123;14;12;0;0;14;12
26426;2002;123;14;12;0;0;14;12
26429;2016;123;14;12;0;0;14;12
26441;2030;123;14;12;0;0;14;12
26448;0;138;14;12;0;0;14;12
26449;14;138;14;12;0;0;14;12
26463;28;138;14;12;0;0;14;12
26465;42;138;14;12;0;0;14;12
26469;56;138;14;12;0;0;14;12
26479;70;138;14;12;0;0;14;12
26481;84;138;14;12;0;0;14;12
26494;98;138;14;12;0;0;14;12
26495;112;138;14;12;0;0;14;12
26512;126;138;14;12;0;0;14;12
26517;140;138;14;12;0;0;14;12
26519;154;138;14;12;0;0;14;12
26522;168;138;14;12;0;0;14;12
26524;182;138;14;12;0;0;14;12
26525;196;138;14;12;0;0;14;12
26528;210;138;14;12;0;0;14;12
26530;224;138;14;12;0;0;14;12
26543;238;138;14;12;0;0;14;12
26550;252;138;14;12;0;0;14;12
26564;266;138;14;12;0;0;14;12
26576;280;138;14;12;0;0;14;12
26579;294;138;14;12;0;0;14;12
26580;308;138;14;12;0;0;14;12
26609;322;138;14;12;0;0;14;12
26611;336;138;14;12;0;0;14;12
26613;350;138;14;12;0;0;14;12
26619;364;138;14;12;0;0;14;12
26623;378;138;14;12;0;0;14;12
26627;392;138;14;12;0;0;14;12
26628;406;138;14;12;0;0;14;12
26643;420;138;14;12;0;0;14;12
26657;434;138;14;12;0;0;14;12
26666;448;138;14;12;0;0;14;12
26680;462;138;14;12;0;0;14;12
26681;476;138;14;12;0;0;14;12
26684;490;138;14;12;0;0;14;12
26685;504;138;14;12;0;0;14;12
26689;518;138;14;12;0;0;14;12
26691;532;138;14;12;0;0;14;12
26696;546;138;14;12;0;0;14;12
26705;560;138;14;12;0;0;14;12
26716;574;138;14;12;0;0;14;12
26719;588;138;14;12;0;0;14;12
26757;602;138;14;12;0;0;14;12
26775;616;138;14;12;0;0;14;12
26792;630;138;14;12;0;0;14;12
26800;644;138;14;12;0;0;14;12
26820;658;138;14;12;0;0;14;12
26827;672;138;14;12;0;0;14;12
26834;686;138;14;12;0;0;14;12
26842;700;138;14;12;0;0;14;12
26847;714;138;14;12;0;0;14;12
26862;728;138;14;12;0;0;14;12
26874;742;138;14;12;0;0;14;12
26885;756;138;14;12;0;0;14;12
26893;770;138;14;12;0;0;14;12
26894;784;138;14;12;0;0;14;12
26908;798;138;14;12;0;0;14;12
26989;812;138;14;12;0;0;14;12
26997;826;138;14;12;0;0;14;12
26999;840;138;14;12;0;0;14;12
27004;854;138;14;12;0;0;14;12
27005;868;138;14;12;0;0;14;12
27010;882;138;14;12;0;0;14;12
27083;896;138;14;12;0;0;14;12
27096;910;138;14;12;0;0;14;12
27133;924;138;14;12;0;0;14;12
27161;938;138;14;12;0;0;14;12
27169;952;138;14;12;0;0;14;12
27177;966;138;14;12;0;0;14;12
27178;980;138;14;12;0;0;14;12
27193;994;138;14;12;0;0;14;12
27211;1008;138;14;12;0;0;14;12
27231;1022;138;14;12;0;0;14;12
27396;1036;138;14;12;0;0;14;12
27424;1050;138;14;12;0;0;14;12
27425;1064;138;14;12;0;0;14;12
27431;1078;138;14;12;0;0;14;12
27442;1092;138;14;12;0;0;14;12
27450;1106;138;14;12;0;0;14;12
27454;1120;138;14;12;0;0;14;12
27468;1134;138;14;12;0;0;14;12
27475;1148;138;14;12;0;0;14;12
27490;1162;138;14;12;0;0;14;12
27491;1176;138;14;12;0;0;14;12
27494;1190;138;14;12;0;0;14;12
27497;1204;138;14;12;0;0;14;12
27503;1218;138;14;12;0;0;14;12
27507;1232;138;14;12;0;0;14;12
27508;1246;138;14;12;0;0;14;12
27515;1260;138;14;12;0;0;14;12
27529;1274;138;14;12;0;0;14;12
27530;1288;138;14;12;0;0;14;12
27531;1302;138;14;12;0;0;14;12
27542;1316;138;14;12;0;0;14;12
27572;1330;138;14;12;0;0;14;12
27573;1344;138;14;12;0;0;14;12
27578;1358;138;14;12;0;0;14;12
27579;1372;138;14;12;0;0;14;12
27583;1386;138;14;12;0;0;14;12
27584;1400;138;14;12;0;0;14;12
27597;1414;138;14;12;0;0;14;12
27598;1428;138;14;12;0;0;14;12
27602;1442;138;14;12;0;0;14;12
27604;1456;138;14;12;0;0;14;12
27611;1470;138;14;12;0;0;14;12
27663;1484;138;14;12;0;0;14;12
27665;1498;138;14;12;0;0;14;12
27671;1512;138;14;12;0;0;14;12
27700;1526;138;14;12;0;0;14;12
27703;1540;138;14;12;0;0;14;12
27704;1554;138;14;12;0;0;14;12
27710;1568;138;14;12;0;0;14;12
27713;1582;138;14;12;0;0;14;12
27714;1596;138;14;12;0;0;14;12
27726;1610;138;14;12;0;0;14;12
27735;1624;138;14;12;0;0;14;12
27738;1638;138;14;12;0;0;14;12
27743;1652;138;14;12;0;0;14;12
27744;1666;138;14;12;0;0;14;12
27760;1680;138;14;12;0;0;14;12
27770;1694;138;14;12;0;0;14;12
27773;1708;138;14;12;0;0;14;12
27779;1722;138;14;12;0;0;14;12
27784;1736;138;14;12;0;0;14;12
27798;1750;138;14;12;0;0;14;12
27801;1764;138;14;12;0;0;14;12
27809;1778;138;14;12;0;0;14;12
27810;1792;138;14;12;0;0;14;12
27827;1806;138;14;12;0;0;14;12
27832;1820;138;14;12;0;0;14;12
27833;1834;138;14;12;0;0;14;12
27835;1848;138;14;12;0;0;14;12
27836;1862;138;14;12;0;0;14;12
27839;1876;138;14;12;0;0;14;12
27841;1890;138;14;12;0;0;14;12
27849;1904;138;14;12;0;0;14;12
27850;1918;138;14;12;0;0;14;12
27852;1932;138;14;12;0;0;14;12
27861;1946;138;14;12;0;0;14;12
27873;1960;138;14;12;0;0;14;12
27874;1974;138;14;12;0;0;14;12
27875;1988;138;14;12;0;0;14;12
27877;2002;138;14;12;0;0;14;12
27880;2016;138;14;12;0;0;14;12
27888;2030;138;14;12;0;0;14;12
27891;0;153;14;12;0;0;14;12
27915;14;153;14;12;0;0;14;12
27927;28;153;14;12;0;0;14;12
27934;42;153;14;12;0;0;14;12
27941;56;153;14;12;0;0;14;12
27946;70;153;14;12;0;0;14;12
27963;84;153;14;12;0;0;14;12
27966;98;153;14;12;0;0;14;12
27969;112;153;14;12;0;0;14;12
27972;126;153;14;12;0;0;14;12
27973;140;153;14;12;0;0;14;12
27996;154;153;14;12;0;0;14;12
28006;168;153;14;12;0;0;14;12
28010;182;153;14;12;0;0;14;12
28014;196;153;14;12;0;0;14;12
28020;210;153;14;12;0;0;14;12
28023;224;153;14;12;0;0;14;12
28024;238;153;14;12;0;0;14;12
28040;252;153;14;12;0;0;14;12
28057;266;153;14;12;0;0;14;12
28079;280;153;14;12;0;0;14;12
28082;294;153;14;12;0;0;14;12
28092;308;153;14;12;0;0;14;12
28113;322;153;14;12;0;0;14;12
28129;336;153;14;12;0;0;14;12
28139;350;153;14;12;0;0;14;12
28145;364;153;14;12;0;0;14;12
28151;378;153;14;12;0;0;14;12
28155;392;153;14;12;0;0;14;12
28165;406;153;14;12;0;0;14;12
28167;420;153;14;12;0;0;14;12
28168;434;153;14;12;0;0;14;12
28169;448;153;14;12;0;0;14;12
28171;462;153;14;12;0;0;14;12
28179;476;153;14;12;0;0;14;12
28187;490;153;14;12;0;0;14;12
28193;504;153;14;12;0;0;14;12
28198;518;153;14;12;0;0;14;12
28201;532;153;14;12;0;0;14;12
28204;546;153;14;12;0;0;14;12
28207;560;153;14;12;0;0;14;12
28246;574;153;14;12;0;0;14;12
28263;588;153;14;12;0;0;14;12
28271;602;153;14;12;0;0;14;12
28286;616;153;14;12;0;0;14;12
28287;630;153;14;12;0;0;14;12
28288;644;153;14;12;0;0;14;12
28304;658;153;14;12;0;0;14;12
28310;672;153;14;12;0;0;14;12
28317;686;153;14;12;0;0;14;12
28342;700;153;14;12;0;0;14;12
28346;714;153;14;12;0;0;14;12
28357;728;153;14;12;0;0;14;12
28363;742;153;14;12;0;0;14;12
28369;756;153;14;12;0;0;14;12
28381;770;153;14;12;0;0;14;12
28382;784;153;14;12;0;0;14;12
28404;798;153;14;12;0;0;14;12
28417;812;153;14;12;0;0;14;12
28418;826;153;14;12;0;0;14;12
28422;840;153;14;12;0;0;14;12
28431;854;153;14;12;0;0;14;12
28436;868;153;14;12;0;0;14;12
28448;882;153;14;12;0;0;14;12
28450;896;153;14;12;0;0;14;12
28459;910;153;14;12;0;0;14;12
28460;924;153;14;12;0;0;14;12
28472;938;153;14;12;0;0;14;12
28500;952;153;14;12;0;0;14;12
28508;966;153;14;12;0;0;14;12
28511;980;153;14;12;0;0;14;12
28516;994;153;14;12;0;0;14;12
28526;1008;153;14;12;0;0;14;12
28528;1022;153;14;12;0;0;14;12
28548;1036;153;14;12;0;0;14;12
28608;1050;153;14;12;0;0;14;12
28609;1064;153;14;12;0;0;14;12
28611;1078;153;14;12;0;0;14;12
28651;1092;153;14;12;0;0;14;12
28655;1106;153;14;12;0;0;14;12
28716;1120;153;14;12;0;0;14;12
28779;1134;153;14;12;0;0;14;12
28783;1148;153;14;12;0;0;14;12
28784;1162;153;14;12;0;0;14;12
28797;1176;153;14;12;0;0;14;12
28809;1190;153;14;12;0;0;14;12
28810;1204;153;14;12;0;0;14;12
28814;1218;153;14;12;0;0;14;12
28845;1232;153;14;12;0;0;14;12
28857;1246;153;14;12;0;0;14;12
28858;1260;153;14;12;0;0;14;12
28872;1274;153;14;12;0;0;14;12
28961;1288;153;14;12;0;0;14;12
28966;1302;153;14;12;0;0;14;12
28982;1316;153;14;12;0;0;14;12
28988;1330;153;14;12;0;0;14;12
29006;1344;153;14;12;0;0;14;12
29017;1358;153;14;12;0;0;14;12
29031;1372;153;14;12;0;0;14;12
29033;1386;153;14;12;0;0;14;12
29038;1400;153;14;12;0;0;14;12
29066;1414;153;14;12;0;0;14;12
29087;1428;153;14;12;0;0;14;12
29105;1442;153;14;12;0;0;14;12
29123;1456;153;14;12;0;0;14;12
29157;1470;153;14;12;0;0;14;12
29190;1484;153;14;12;0;0;14;12
29226;1498;153;14;12;0;0;14;12
29237;1512;153;14;12;0;0;14;12
29238;1526;153;14;12;0;0;14;12
29245;1540;153;14;12;0;0;14;12
29255;1554;153;14;12;0;0;14;12
29256;1568;153;14;12;0;0;14;12
29273;1582;153;14;12;0;0;14;12
29275;1596;153;14;12;0;0;14;12
29287;1610;153;14;12;0;0;14;12
29289;1624;153;14;12;0;0;14;12
29298;1638;153;14;12;0;0;14;12
29305;1652;153;14;12;0;0;14;12
29344;1666;153;14;12;0;0;14;12
29356;1680;153;14;12;0;0;14;12
29359;1694;153;14;12;0;0;14;12
29366;1708;153;14;12;0;0;14;12
29378;1722;153;14;12;0;0;14;12
29401;1736;153;14;12;0;0;14;12
29417;1750;153;14;12;0;0;14;12
29420;1764;153;14;12;0;0;14;12
29421;1778;153;14;12;0;0;14;12
29467;1792;153;14;12;0;0;14;12
29471;1806;153;14;12;0;0;14;12
29483;1820;153;14;12;0;0;14;12
29486;1834;153;14;12;0;0;14;12
29494;1848;153;14;12;0;0;14;12
29503;1862;153;14;12;0;0;14;12
29508;1876;153;14;12;0;0;14;12
29539;1890;153;14;12;0;0;14;12
29554;1904;153;14;12;0;0;14;12
29572;1918;153;14;12;0;0;14;12
29575;1932;153;14;12;0;0;14;12
29577;1946;153;14;12;0;0;14;12
29579;1960;153;14;12;0;0;14;12
29609;1974;153;14;12;0;0;14;12
29645;1988;153;14;12;0;0;14;12
29664;2002;153;14;12;0;0;14;12
29677;2016;153;14;12;0;0;14;12
29694;2030;153;14;12;0;0;14;12
29699;0;168;14;12;0;0;14;12
29702;14;168;14;12;0;0;14;12
29748;28;168;14;12;0;0;14;12
29792;42;168;14;12;0;0;14;12
29827;56;168;14;12;0;0;14;12
29863;70;168;14;12;0;0;14;12
29872;84;168;14;12;0;0;14;12
29885;98;168;14;12;0;0;14;12
29926;112;168;14;12;0;0;14;12
29942;126;168;14;12;0;0;14;12
29976;140;168;14;12;0;0;14;12
29978;154;168;14;12;0;0;14;12
29983;168;168;14;12;0;0;14;12
29987;182;168;14;12;0;0;14;12
29992;196;168;14;12;0;0;14;12
30000;210;168;14;12;0;0;14;12
30001;224;168;14;12;0;0;14;12
30002;238;168;14;12;0;0;14;12
30003;252;168;14;12;0;0;14;12
30007;266;168;14;12;0;0;14;12
30010;280;168;14;12;0;0;14;12
30011;294;168;14;12;0;0;14;12
30028;308;168;14;12;0;0;14;12
30031;322;168;14;12;0;0;14;12
30033;336;168;14;12;0;0;14;12
30036;350;168;14;12;0;0;14;12
30041;364;168;14;12;0;0;14;12
30044;378;168;14;12;0;0;14;12
30045;392;168;14;12;0;0;14;12
30053;406;168;14;12;0;0;14;12
30058;420;168;14;12;0;0;14;12
30064;434;168;14;12;0;0;14;12
30067;448;168;14;12;0;0;14;12
30079;462;168;14;12;0;0;14;12
30094;476;168;14;12;0;0;14;12
30097;490;168;14;12;0;0;14;12
30123;504;168;14;12;0;0;14;12
30130;518;168;14;12;0;0;14;12
30142;532;168;14;12;0;0;14;12
30149;546;168;14;12;0;0;14;12
30151;560;168;14;12;0;0;14;12
30165;574;168;14;12;0;0;14;12
30168;588;168;14;12;0;0;14;12
30171;602;168;14;12;0;0;14;12
30178;616;168;14;12;0;0;14;12
30185;630;168;14;12;0;0;14;12
30196;644;168;14;12;0;0;14;12
30221;658;168;14;12;0;0;14;12
30274;672;168;14;12;0;0;14;12
30290;686;168;14;12;0;0;14;12
30294;700;168;14;12;0;0;14;12
30330;714;168;14;12;0;0;14;12
30331;728;168;14;12;0;0;14;12
30333;742;168;14;12;0;0;14;12
30334;756;168;14;12;0;0;14;12
30340;770;168;14;12;0;0;14;12
30342;784;168;14;12;0;0;14;12
30343;798;168;14;12;0;0;14;12
30382;812;168;14;12;0;0;14;12
30399;826;168;14;12;0;0;14;12
30406;840;168;14;12;0;0;14;12
30410;854;168;14;12;0;0;14;12
30423;868;168;14;12;0;0;14;12
30427;882;168;14;12;0;0;14;12
30431;896;168;14;12;0;0;14;12
30435;910;168;14;12;0;0;14;12
30436;924;168;14;12;0;0;14;12
30446;938;168;14;12;0;0;14;12
30450;952;168;14;12;0;0;14;12
30452;966;168;14;12;0;0;14;12
30456;980;168;14;12;0;0;14;12
30462;994;168;14;12;0;0;14;12
30465;1008;168;14;12;0;0;14;12
30473;1022;168;14;12;0;0;14;12
30475;1036;168;14;12;0;0;14;12
30476;1050;168;14;12;0;0;14;12
30495;1064;168;14;12;0;0;14;12
30496;1078;168;14;12;0;0;14;12
30522;1092;168;14;12;0;0;14;12
30524;1106;168;14;12;0;0;14;12
30528;1120;168;14;12;0;0;14;12
30561;1134;168;14;12;0;0;14;12
30563;1148;168;14;12;0;0;14;12
30566;1162;168;14;12;0;0;14;12
30636;1176;168;14;12;0;0;14;12
30637;1190;168;14;12;0;0;14;12
30643;1204;168;14;12;0;0;14;12
30683;1218;168;14;12;0;0;14;12
30690;1232;168;14;12;0;0;14;12
30693;1246;168;14;12;0;0;14;12
30701;1260;168;14;12;0;0;14;12
30703;1274;168;14;12;0;0;14;12
30707;1288;168;14;12;0;0;14;12
30722;1302;168;14;12;0;0;14;12
30740;1316;168;14;12;0;0;14;12
30741;1330;168;14;12;0;0;14;12
30770;1344;168;14;12;0;0;14;12
30772;1358;168;14;12;0;0;14;12
30813;1372;168;14;12;0;0;14;12
30827;1386;168;14;12;0;0;14;12
30828;1400;168;14;12;0;0;14;12
30849;1414;168;14;12;0;0;14;12
30865;1428;168;14;12;0;0;14;12
30906;1442;168;14;12;0;0;14;12
30913;1456;168;14;12;0;0;14;12
30952;1470;168;14;12;0;0;14;12
30977;1484;168;14;12;0;0;14;12
30990;1498;168;14;12;0;0;14;12
31034;1512;168;14;12;0;0;14;12
31036;1526;168;14;12;0;0;14;12
31038;1540;168;14;12;0;0;14;12
31048;1554;168;14;12;0;0;14;12
31049;1568;168;14;12;0;0;14;12
31062;1582;168;14;12;0;0;14;12
31069;1596;168;14;12;0;0;14;12
31070;1610;168;14;12;0;0;14;12
31077;1624;168;14;12;0;0;14;12
31080;1638;168;14;12;0;0;14;12
31085;1652;168;14;12;0;0;14;12
31105;1666;168;14;12;0;0;14;12
31109;1680;168;14;12;0;0;14;12
31117;1694;168;14;12;0;0;14;12
31119;1708;168;14;12;0;0;14;12
31168;1722;168;14;12;0;0;14;12
31169;1736;168;14;12;0;0;14;12
31179;1750;168;14;12;0;0;14;12
31185;1764;168;14;12;0;0;14;12
31186;1778;168;14;12;0;0;14;12
31192;1792;168;14;12;0;0;14;12
31199;1806;168;14;12;0;0;14;12
31209;1820;168;14;12;0;0;14;12
31216;1834;168;14;12;0;0;14;12
31227;1848;168;14;12;0;0;14;12
31243;1862;168;14;12;0;0;14;12
31246;1876;168;14;12;0;0;14;12
31258;1890;168;14;12;0;0;14;12
31278;1904;168;14;12;0;0;14;12
31282;1918;168;14;12;0;0;14;12
31292;1932;168;14;12;0;0;14;12
31293;1946;168;14;12;0;0;14;12
31295;1960;168;14;12;0;0;14;12
31296;1974;168;14;12;0;0;14;12
31298;1988;168;14;12;0;0;14;12
31309;2002;168;14;12;0;0;14;12
31311;2016;168;14;12;0;0;14;12
31339;2030;168;14;12;0;0;14;12
31348;0;183;14;12;0;0;14;12
31350;14;183;14;12;0;0;14;12
31354;28;183;14;12;0;0;14;12
31361;42;183;14;12;0;0;14;12
31363;56;183;14;12;0;0;14;12
31378;70;183;14;12;0;0;14;12
31379;84;183;14;12;0;0;14;12
31391;98;183;14;12;0;0;14;12
31406;112;183;14;12;0;0;14;12
31407;126;183;14;12;0;0;14;12
31435;140;183;14;12;0;0;14;12
31452;154;183;14;12;0;0;14;12
31456;168;183;14;12;0;0;14;12
31461;182;183;14;12;0;0;14;12
31471;196;183;14;12;0;0;14;12
31478;210;183;14;12;0;0;14;12
31481;224;183;14;12;0;0;14;12
31505;238;183;14;12;0;0;14;12
31515;252;183;14;12;0;0;14;12
31526;266;183;14;12;0;0;14;12
31532;280;183;14;12;0;0;14;12
31558;294;183;14;12;0;0;14;12
31561;308;183;14;12;0;0;14;12
31563;322;183;14;12;0;0;14;12
31570;336;183;14;12;0;0;14;12
31572;350;183;14;12;0;0;14;12
31574;364;183;14;12;0;0;14;12
31623;378;183;14;12;0;0;14;12
31627;392;183;14;12;0;0;14;12
31639;406;183;14;12;0;0;14;12
31649;420;183;14;12;0;0;14;12
31665;434;183;14;12;0;0;14;12
31672;448;183;14;12;0;0;14;12
31680;462;183;14;12;0;0;14;12
31684;476;183;14;12;0;0;14;12
31689;490;183;14;12;0;0;14;12
31716;504;183;14;12;0;0;14;12
31777;518;183;14;12;0;0;14;12
31807;532;183;14;12;0;0;14;12
31821;546;183;14;12;0;0;14;12
31840;560;183;14;12;0;0;14;12
31859;574;183;14;12;0;0;14;12
31881;588;183;14;12;0;0;14;12
31883;602;183;14;12;0;0;14;12
31890;616;183;14;12;0;0;14;12
31895;630;183;14;12;0;0;14;12
31896;644;183;14;12;0;0;14;12
31899;658;183;14;12;0;0;14;12
31911;672;183;14;12;0;0;14;12
31934;686;183;14;12;0;0;14;12
31958;700;183;14;12;0;0;14;12
31975;714;183;14;12;0;0;14;12
31992;728;183;14;12;0;0;14;12
31995;742;183;14;12;0;0;14;12
31998;756;183;14;12;0;0;14;12
32000;770;183;14;12;0;0;14;12
32004;784;183;14;12;0;0;14;12
32005;798;183;14;12;0;0;14;12
32011;812;183;14;12;0;0;14;12
32013;826;183;14;12;0;0;14;12
32020;840;183;14;12;0;0;14;12
32025;854;183;14;12;0;0;14;12
32026;868;183;14;12;0;0;14;12
32027;882;183;14;12;0;0;14;12
32032;896;183;14;12;0;0;14;12
32033;910;183;14;12;0;0;14;12
32034;924;183;14;12;0;0;14;12
32043;938;183;14;12;0;0;14;12
32047;952;183;14;12;0;0;14;12
32048;966;183;14;12;0;0;14;12
32051;980;183;14;12;0;0;14;12
32057;994;183;14;12;0;0;14;12
32058;1008;183;14;12;0;0;14;12
32066;1022;183;14;12;0;0;14;12
32068;1036;183;14;12;0;0;14;12
32076;1050;183;14;12;0;0;14;12
32080;1064;183;14;12;0;0;14;12
32094;1078;183;14;12;0;0;14;12
32097;1092;183;14;12;0;0;14;12
32102;1106;183;14;12;0;0;14;12
32113;1120;183;14;12;0;0;14;12
32117;1134;183;14;12;0;0;14;12
32118;1148;183;14;12;0;0;14;12
32121;1162;183;14;12;0;0;14;12
32153;1176;183;14;12;0;0;14;12
32154;1190;183;14;12;0;0;14;12
32173;1204;183;14;12;0;0;14;12
32177;1218;183;14;12;0;0;14;12
32178;1232;183;14;12;0;0;14;12
32187;1246;183;14;12;0;0;14;12
32191;1260;183;14;12;0;0;14;12
32202;1274;183;14;12;0;0;14;12
32207;1288;183;14;12;0;0;14;12
32209;1302;183;14;12;0;0;14;12
32210;1316;183;14;12;0;0;14;12
32218;1330;183;14;12;0;0;14;12
32224;1344;183;14;12;0;0;14;12
32232;1358;183;14;12;0;0;14;12
32233;1372;183;14;12;0;0;14;12
32239;1386;183;14;12;0;0;14;12
32244;1400;183;14;12;0;0;14;12
32251;1414;183;14;12;0;0;14;12
32257;1428;183;14;12;0;0;14;12
32260;1442;183;14;12;0;0;14;12
32283;1456;183;14;12;0;0;14;12
32294;1470;183;14;12;0;0;14;12
32299;1484;183;14;12;0;0;14;12
32302;1498;183;14;12;0;0;14;12
32318;1512;183;14;12;0;0;14;12
32321;1526;183;14;12;0;0;14;12
32330;1540;183;14;12;0;0;14;12
32340;1554;183;14;12;0;0;14;12
32341;1568;183;14;12;0;0;14;12
32365;1582;183;14;12;0;0;14;12
32368;1596;183;14;12;0;0;14;12
32566;1610;183;14;12;0;0;14;12
32618;1624;183;14;12;0;0;14;12
32622;1638;183;14;12;0;0;14;12
32624;1652;183;14;12;0;0;14;12
32626;1666;183;14;12;0;0;14;12
32629;1680;183;14;12;0;0;14;12
32631;1694;183;14;12;0;0;14;12
32645;1708;183;14;12;0;0;14;12
32650;1722;183;14;12;0;0;14;12
32654;1736;183;14;12;0;0;14;12
32670;1750;183;14;12;0;0;14;12
32676;1764;183;14;12;0;0;14;12
32680;1778;183;14;12;0;0;14;12
32681;1792;183;14;12;0;0;14;12
32701;1806;183;14;12;0;0;14;12
32705;1820;183;14;12;0;0;14;12
32716;1834;183;14;12;0;0;14;12
32722;1848;183;14;12;0;0;14;12
32763;1862;183;14;12;0;0;14;12
32764;1876;183;14;12;0;0;14;12
32769;1890;183;14;12;0;0;14;12
32771;1904;183;14;12;0;0;14;12
32773;1918;183;14;12;0;0;14;12
32784;1932;183;14;12;0;0;14;12
32789;1946;183;14;12;0;0;14;12
32791;1960;183;14;12;0;0;14;12
32819;1974;183;14;12;0;0;14;12
32854;1988;183;14;12;0;0;14;12
32862;2002;183;14;12;0;0;14;12
32884;2016;183;14;12;0;0;14;12
32887;2030;183;14;12;0;0;14;12
32905;0;198;14;12;0;0;14;12
32908;14;198;14;12;0;0;14;12
32918;28;198;14;12;0;0;14;12
32920;42;198;14;12;0;0;14;12
32925;56;198;14;12;0;0;14;12
32929;70;198;14;12;0;0;14;12
32930;84;198;14;12;0;0;14;12
32933;98;198;14;12;0;0;14;12
32937;112;198;14;12;0;0;14;12
32938;126;198;14;12;0;0;14;12
32943;140;198;14;12;0;0;14;12
32946;154;198;14;12;0;0;14;12
32954;168;198;14;12;0;0;14;12
32963;182;198;14;12;0;0;14;12
32966;196;198;14;12;0;0;14;12
32972;210;198;14;12;0;0;14;12
32974;224;198;14;12;0;0;14;12
32990;238;198;14;12;0;0;14;12
33012;252;198;14;12;0;0;14;12
33016;266;198;14;12;0;0;14;12
33021;280;198;14;12;0;0;14;12
33026;294;198;14;12;0;0;14;12
33029;308;198;14;12;0;0;14;12
33031;322;198;14;12;0;0;14;12
33032;336;198;14;12;0;0;14;12
33034;350;198;14;12;0;0;14;12
33050;364;198;14;12;0;0;14;12
33073;378;198;14;12;0;0;14;12
33075;392;198;14;12;0;0;14;12
33102;406;198;14;12;0;0;14;12
33104;420;198;14;12;0;0;14;12
33109;434;198;14;12;0;0;14;12
33131;448;198;14;12;0;0;14;12
33136;462;198;14;12;0;0;14;12
33144;476;198;14;12;0;0;14;12
33145;490;198;14;12;0;0;14;12
33146;504;198;14;12;0;0;14;12
33178;518;198;14;12;0;0;14;12
33180;532;198;14;12;0;0;14;12
33181;546;198;14;12;0;0;14;12
33192;560;198;14;12;0;0;14;12
33203;574;198;14;12;0;0;14;12
33222;588;198;14;12;0;0;14;12
33235;602;198;14;12;0;0;14;12
33251;616;198;14;12;0;0;14;12
33256;630;198;14;12;0;0;14;12
33258;644;198;14;12;0;0;14;12
33261;658;198;14;12;0;0;14;12
33267;672;198;14;12;0;0;14;12
33268;686;198;14;12;0;0;14;12
33276;700;198;14;12;0;0;14;12
33288;714;198;14;12;0;0;14;12
33292;728;198;14;12;0;0;14;12
33294;742;198;14;12;0;0;14;12
33303;756;198;14;12;0;0;14;12
33310;770;198;14;12;0;0;14;12
33311;784;198;14;12;0;0;14;12
33322;798;198;14;12;0;0;14;12
33324;812;198;14;12;0;0;14;12
33334;826;198;14;12;0;0;14;12
33335;840;198;14;12;0;0;14;12
33337;854;198;14;12;0;0;14;12
33351;868;198;14;12;0;0;14;12
33382;882;198;14;12;0;0;14;12
33391;896;198;14;12;0;0;14;12
33394;910;198;14;12;0;0;14;12
33398;924;198;14;12;0;0;14;12
33419;938;198;14;12;0;0;14;12
33437;952;198;14;12;0;0;14;12
33455;966;198;14;12;0;0;14;12
33457;980;198;14;12;0;0;14;12
33459;994;198;14;12;0;0;14;12
33464;1008;198;14;12;0;0;14;12
33469;1022;198;14;12;0;0;14;12
33495;1036;198;14;12;0;0;14;12
33499;1050;198;14;12;0;0;14;12
33509;1064;198;14;12;0;0;14;12
33510;1078;198;14;12;0;0;14;12
33521;1092;198;14;12;0;0;14;12
33538;1106;198;14;12;0;0;14;12
33550;1120;198;14;12;0;0;14;12
33576;1134;198;14;12;0;0;14;12
33590;1148;198;14;12;0;0;14;12
33609;1162;198;14;12;0;0;14;12
33618;1176;198;14;12;0;0;14;12
33624;1190;198;14;12;0;0;14;12
33655;1204;198;14;12;0;0;14;12
33738;1218;198;14;12;0;0;14;12
33740;1232;198;14;12;0;0;14;12
33747;1246;198;14;12;0;0;14;12
33756;1260;198;14;12;0;0;14;12
33775;1274;198;14;12;0;0;14;12
33806;1288;198;14;12;0;0;14;12
33853;1302;198;14;12;0;0;14;12
33865;1316;198;14;12;0;0;14;12
33879;1330;198;14;12;0;0;14;12
33883;1344;198;14;12;0;0;14;12
33900;1358;198;14;12;0;0;14;12
33976;1372;198;14;12;0;0;14;12
33988;1386;198;14;12;0;0;14;12
33995;1400;198;14;12;0;0;14;12
34065;1414;198;14;12;0;0;14;12
34101;1428;198;14;12;0;0;14;12
34109;1442;198;14;12;0;0;14;12
34180;1456;198;14;12;0;0;14;12
34214;1470;198;14;12;0;0;14;12
34218;1484;198;14;12;0;0;14;12
34219;1498;198;14;12;0;0;14;12
34220;1512;198;14;12;0;0;14;12
34253;1526;198;14;12;0;0;14;12
34276;1540;198;14;12;0;0;14;12
34281;1554;198;14;12;0;0;14;12
34299;1568;198;14;12;0;0;14;12
34382;1582;198;14;12;0;0;14;12
34384;1596;198;14;12;0;0;14;12
34394;1610;198;14;12;0;0;14;12
34396;1624;198;14;12;0;0;14;12
34398;1638;198;14;12;0;0;14;12
34411;1652;198;14;12;0;0;14;12
34425;1666;198;14;12;0;0;14;12
34442;1680;198;14;12;0;0;14;12
34453;1694;198;14;12;0;0;14;12
34503;1708;198;14;12;0;0;14;12
34509;1722;198;14;12;0;0;14;12
34542;1736;198;14;12;0;0;14;12
34562;1750;198;14;12;0;0;14;12
34588;1764;198;14;12;0;0;14;12
34701;1778;198;14;12;0;0;14;12
34880;1792;198;14;12;0;0;14;12
34886;1806;198;14;12;0;0;14;12
34892;1820;198;14;12;0;0;14;12
34899;1834;198;14;12;0;0;14;12
34903;1848;198;14;12;0;0;14;12
34907;1862;198;14;12;0;0;14;12
34909;1876;198;14;12;0;0;14;12
34913;1890;198;14;12;0;0;14;12
34915;1904;198;14;12;0;0;14;12
34920;1918;198;14;12;0;0;14;12
34928;1932;198;14;12;0;0;14;12
34935;1946;198;14;12;0;0;14;12
34955;1960;198;14;12;0;0;14;12
34966;1974;198;14;12;0;0;14;12
34987;1988;198;14;12;0;0;14;12
35009;2002;198;14;12;0;0;14;12
35010;2016;198;14;12;0;0;14;12
35013;2030;198;14;12;0;0;14;12
35023;0;213;14;12;0;0;14;12
35029;14;213;14;12;0;0;14;12
35036;28;213;14;12;0;0;14;12
35064;42;213;14;12;0;0;14;12
35069;56;213;14;12;0;0;14;12
35070;70;213;14;12;0;0;14;12
35079;84;213;14;12;0;0;14;12
35088;98;213;14;12;0;0;14;12
35090;112;213;14;12;0;0;14;12
35167;126;213;14;12;0;0;14;12
35186;140;213;14;12;0;0;14;12
35199;154;213;14;12;0;0;14;12
35201;168;213;14;12;0;0;14;12
35206;182;213;14;12;0;0;14;12
35207;196;213;14;12;0;0;14;12
35211;210;213;14;12;0;0;14;12
35215;224;213;14;12;0;0;14;12
35222;238;213;14;12;0;0;14;12
35226;252;213;14;12;0;0;14;12
35239;266;213;14;12;0;0;14;12
35242;280;213;14;12;0;0;14;12
35251;294;213;14;12;0;0;14;12
35282;308;213;14;12;0;0;14;12
35299;322;213;14;12;0;0;14;12
35302;336;213;14;12;0;0;14;12
35328;350;213;14;12;0;0;14;12
35330;364;213;14;12;0;0;14;12
35331;378;213;14;12;0;0;14;12
35336;392;213;14;12;0;0;14;12
35342;406;213;14;12;0;0;14;12
35347;420;213;14;12;0;0;14;12
35351;434;213;14;12;0;0;14;12
35352;448;213;14;12;0;0;14;12
35359;462;213;14;12;0;0;14;12
35370;476;213;14;12;0;0;14;12
35373;490;213;14;12;0;0;14;12
35377;504;213;14;12;0;0;14;12
35379;518;213;14;12;0;0;14;12
35380;532;213;14;12;0;0;14;12
35386;546;213;14;12;0;0;14;12
35388;560;213;14;12;0;0;14;12
35408;574;213;14;12;0;0;14;12
35412;588;213;14;12;0;0;14;12
35413;602;213;14;12;0;0;14;12
35422;616;213;14;12;0;0;14;12
35424;630;213;14;12;0;0;14;12
35427;644;213;14;12;0;0;14;12
35430;658;213;14;12;0;0;14;12
35433;672;213;14;12;0;0;14;12
35438;686;213;14;12;0;0;14;12
35440;700;213;14;12;0;0;14;12
35441;714;213;14;12;0;0;14;12
35442;728;213;14;12;0;0;14;12
35443;742;213;14;12;0;0;14;12
35463;756;213;14;12;0;0;14;12
35465;770;213;14;12;0;0;14;12
35468;784;213;14;12;0;0;14;12
35469;798;213;14;12;0;0;14;12
35475;812;213;14;12;0;0;14;12
35477;826;213;14;12;0;0;14;12
35480;840;213;14;12;0;0;14;12
35486;854;213;14;12;0;0;14;12
35488;868;213;14;12;0;0;14;12
35492;882;213;14;12;0;0;14;12
35500;896;213;14;12;0;0;14;12
35501;910;213;14;12;0;0;14;12
35504;924;213;14;12;0;0;14;12
35506;938;213;14;12;0;0;14;12
35519;952;213;14;12;0;0;14;12
35527;966;213;14;12;0;0;14;12
35531;980;213;14;12;0;0;14;12
35542;994;213;14;12;0;0;14;12
35558;1008;213;14;12;0;0;14;12
35559;1022;213;14;12;0;0;14;12
35565;1036;213;14;12;0;0;14;12
35566;1050;213;14;12;0;0;14;12
35576;1064;213;14;12;0;0;14;12
35582;1078;213;14;12;0;0;14;12
35584;1092;213;14;12;0;0;14;12
35585;1106;213;14;12;0;0;14;12
35588;1120;213;14;12;0;0;14;12
35598;1134;213;14;12;0;0;14;12
35609;1148;213;14;12;0;0;14;12
35611;1162;213;14;12;0;0;14;12
35613;1176;213;14;12;0;0;14;12
35617;1190;213;14;12;0;0;14;12
35641;1204;213;14;12;0;0;14;12
35672;1218;213;14;12;0;0;14;12
35676;1232;213;14;12;0;0;14;12
35686;1246;213;14;12;0;0;14;12
35696;1260;213;14;12;0;0;14;12
35698;1274;213;14;12;0;0;14;12
35703;1288;213;14;12;0;0;14;12
35895;1302;213;14;12;0;0;14;12
35910;1316;213;14;12;0;0;14;12
35914;1330;213;14;12;0;0;14;12
35930;1344;213;14;12;0;0;14;12
35937;1358;213;14;12;0;0;14;12
35946;1372;213;14;12;0;0;14;12
35980;1386;213;14;12;0;0;14;12
35997;1400;213;14;12;0;0;14;12
35998;1414;213;14;12;0;0;14;12
36000;1428;213;14;12;0;0;14;12
36001;1442;213;14;12;0;0;14;12
36002;1456;213;14;12;0;0;14;12
36007;1470;213;14;12;0;0;14;12
36008;1484;213;14;12;0;0;14;12
36009;1498;213;14;12;0;0;14;12
36010;1512;213;14;12;0;0;14;12
36011;1526;213;14;12;0;0;14;12
36012;1540;213;14;12;0;0;14;12
36015;1554;213;14;12;0;0;14;12
36020;1568;213;14;12;0;0;14;12
36023;1582;213;14;12;0;0;14;12
36024;1596;213;14;12;0;0;14;12
36027;1610;213;14;12;0;0;14;12
36028;1624;213;14;12;0;0;14;12
36031;1638;213;14;12;0;0;14;12
36032;1652;213;14;12;0;0;14;12
36034;1666;213;14;12;0;0;14;12
36035;1680;213;14;12;0;0;14;12
36036;1694;213;14;12;0;0;14;12
36039;1708;213;14;12;0;0;14;12
36042;1722;213;14;12;0;0;14;12
36051;1736;213;14;12;0;0;14;12
36059;1750;213;14;12;0;0;14;12
36060;1764;213;14;12;0;0;14;12
36062;1778;213;14;12;0;0;14;12
36064;1792;213;14;12;0;0;14;12
36066;1806;213;14;12;0;0;14;12
36070;1820;213;14;12;0;0;14;12
36074;1834;213;14;12;0;0;14;12
36077;1848;213;14;12;0;0;14;12
36092;1862;213;14;12;0;0;14;12
36104;1876;213;14;12;0;0;14;12
36196;1890;213;14;12;0;0;14;12
36198;1904;213;14;12;0;0;14;12
36208;1918;213;14;12;0;0;14;12
36212;1932;213;14;12;0;0;14;12
36215;1946;213;14;12;0;0;14;12
36229;1960;213;14;12;0;0;14;12
36234;1974;213;14;12;0;0;14;12
36259;1988;213;14;12;0;0;14;12
36275;2002;213;14;12;0;0;14;12
36317;2016;213;14;12;0;0;14;12
36321;2030;213;14;12;0;0;14;12
36335;0;228;14;12;0;0;14;12
36339;14;228;14;12;0;0;14;12
36341;28;228;14;12;0;0;14;12
36362;42;228;14;12;0;0;14;12
36367;56;228;14;12;0;0;14;12
36394;70;228;14;12;0;0;14;12
36468;84;228;14;12;0;0;14;12
36493;98;228;14;12;0;0;14;12
36523;112;228;14;12;0;0;14;12
36554;126;228;14;12;0;0;14;12
36556;140;228;14;12;0;0;14;12
36557;154;228;14;12;0;0;14;12
36562;168;228;14;12;0;0;14;12
36575;182;228;14;12;0;0;14;12
36578;196;228;14;12;0;0;14;12
36600;210;228;14;12;0;0;14;12
36605;224;228;14;12;0;0;14;12
36611;238;228;14;12;0;0;14;12
36617;252;228;14;12;0;0;14;12
36637;266;228;14;12;0;0;14;12
36649;280;228;14;12;0;0;14;12
36650;294;228;14;12;0;0;14;12
36664;308;228;14;12;0;0;14;12
36676;322;228;14;12;0;0;14;12
36763;336;228;14;12;0;0;14;12
36766;350;228;14;12;0;0;14;12
36771;364;228;14;12;0;0;14;12
36785;378;228;14;12;0;0;14;12
36786;392;228;14;12;0;0;14;12
36794;406;228;14;12;0;0;14;12
36796;420;228;14;12;0;0;14;12
36805;434;228;14;12;0;0;14;12
36814;448;228;14;12;0;0;14;12
36817;462;228;14;12;0;0;14;12
36820;476;228;14;12;0;0;14;12
36843;490;228;14;12;0;0;14;12
36845;504;228;14;12;0;0;14;12
36848;518;228;14;12;0;0;14;12
36855;532;228;14;12;0;0;14;12
36861;546;228;14;12;0;0;14;12
36864;560;228;14;12;0;0;14;12
36865;574;228;14;12;0;0;14;12
36867;588;228;14;12;0;0;14;12
36870;602;228;14;12;0;0;14;12
36879;616;228;14;12;0;0;14;12
36880;630;228;14;12;0;0;14;12
36883;644;228;14;12;0;0;14;12
36884;658;228;14;12;0;0;14;12
36890;672;228;14;12;0;0;14;12
36893;686;228;14;12;0;0;14;12
36895;700;228;14;12;0;0;14;12
36896;714;228;14;12;0;0;14;12
36899;728;228;14;12;0;0;14;12
36910;742;228;14;12;0;0;14;12
36913;756;228;14;12;0;0;14;12
36914;770;228;14;12;0;0;14;12
36920;784;228;14;12;0;0;14;12
36930;798;228;14;12;0;0;14;12
36933;812;228;14;12;0;0;14;12
36935;826;228;14;12;0;0;14;12
36938;840;228;14;12;0;0;14;12
36939;854;228;14;12;0;0;14;12
36941;868;228;14;12;0;0;14;12
36942;882;228;14;12;0;0;14;12
36947;896;228;14;12;0;0;14;12
36948;910;228;14;12;0;0;14;12
36949;924;228;14;12;0;0;14;12
36956;938;228;14;12;0;0;14;12
36960;952;228;14;12;0;0;14;12
36961;966;228;14;12;0;0;14;12
36963;980;228;14;12;0;0;14;12
36969;994;228;14;12;0;0;14;12
36973;1008;228;14;12;0;0;14;12
36974;1022;228;14;12;0;0;14;12
36981;1036;228;14;12;0;0;14;12
36983;1050;228;14;12;0;0;14;12
36984;1064;228;14;12;0;0;14;12
36986;1078;228;14;12;0;0;14;12
36991;1092;228;14;12;0;0;14;12
36996;1106;228;14;12;0;0;14;12
37027;1120;228;14;12;0;0;14;12
37030;1134;228;14;12;0;0;14;12
37034;1148;228;14;12;0;0;14;12
37048;1162;228;14;12;0;0;14;12
37066;1176;228;14;12;0;0;14;12
37070;1190;228;14;12;0;0;14;12
37089;1204;228;14;12;0;0;14;12
37096;1218;228;14;12;0;0;14;12
37101;1232;228;14;12;0;0;14;12
37109;1246;228;14;12;0;0;14;12
37111;1260;228;14;12;0;0;14;12
37117;1274;228;14;12;0;0;14;12
37196;1288;228;14;12;0;0;14;12
37197;1302;228;14;12;0;0;14;12
37198;1316;228;14;12;0;0;14;12
37202;1330;228;14;12;0;0;14;12
37204;1344;228;14;12;0;0;14;12
37218;1358;228;14;12;0;0;14;12
37226;1372;228;14;12;0;0;14;12
37228;1386;228;14;12;0;0;14;12
37237;1400;228;14;12;0;0;14;12
37239;1414;228;14;12;0;0;14;12
37240;1428;228;14;12;0;0;14;12
37266;1442;228;14;12;0;0;14;12
37276;1456;228;14;12;0;0;14;12
37304;1470;228;14;12;0;0;14;12
37319;1484;228;14;12;0;0;14;12
37320;1498;228;14;12;0;0;14;12
37324;1512;228;14;12;0;0;14;12
37325;1526;228;14;12;0;0;14;12
37326;1540;228;14;12;0;0;14;12
37327;1554;228;14;12;0;0;14;12
37329;1568;228;14;12;0;0;14;12
37340;1582;228;14;12;0;0;14;12
37341;1596;228;14;12;0;0;14;12
37347;1610;228;14;12;0;0;14;12
37389;1624;228;14;12;0;0;14;12
37428;1638;228;14;12;0;0;14;12
37444;1652;228;14;12;0;0;14;12
37467;1666;228;14;12;0;0;14;12
37474;1680;228;14;12;0;0;14;12
37489;1694;228;14;12;0;0;14;12
37504;1708;228;14;12;0;0;14;12
37507;1722;228;14;12;0;0;14;12
37509;1736;228;14;12;0;0;14;12
37528;1750;228;14;12;0;0;14;12
37549;1764;228;14;12;0;0;14;12
37613;1778;228;14;12;0;0;14;12
37619;1792;228;14;12;0;0;14;12
37628;1806;228;14;12;0;0;14;12
37664;1820;228;14;12;0;0;14;12
37670;1834;228;14;12;0;0;14;12
37676;1848;228;14;12;0;0;14;12
37678;1862;228;14;12;0;0;14;12
37679;1876;228;14;12;0;0;14;12
37682;1890;228;14;12;0;0;14;12
37707;1904;228;14;12;0;0;14;12
37723;1918;228;14;12;0;0;14;12
37749;1932;228;14;12;0;0;14;12
37772;1946;228;14;12;0;0;14;12
37782;1960;228;14;12;0;0;14;12
37806;1974;228;14;12;0;0;14;12
37857;1988;228;14;12;0;0;14;12
37912;2002;228;14;12;0;0;14;12
37969;2016;228;14;12;0;0;14;12
38263;2030;228;14;12;0;0;14;12
38272;0;243;14;12;0;0;14;12
38281;14;243;14;12;0;0;14;12
38283;28;243;14;12;0;0;14;12
38289;42;243;14;12;0;0;14;12
38291;56;243;14;12;0;0;14;12
38306;70;243;14;12;0;0;14;12
38307;84;243;14;12;0;0;14;12
38309;98;243;14;12;0;0;14;12
38322;112;243;14;12;0;0;14;12
38343;126;243;14;12;0;0;14;12
38360;140;243;14;12;0;0;14;12
38428;154;243;14;12;0;0;14;12
38442;168;243;14;12;0;0;14;12
38450;182;243;14;12;0;0;14;12
38459;196;243;14;12;0;0;14;12
38468;210;243;14;12;0;0;14;12
38477;224;243;14;12;0;0;14;12
38480;238;243;14;12;0;0;14;12
38491;252;243;14;12;0;0;14;12
38498;266;243;14;12;0;0;14;12
38499;280;243;14;12;0;0;14;12
38500;294;243;14;12;0;0;14;12
38501;308;243;14;12;0;0;14;12
38506;322;243;14;12;0;0;14;12
38512;336;243;14;12;0;0;14;12
38515;350;243;14;12;0;0;14;12
38517;364;243;14;12;0;0;14;12
38518;378;243;14;12;0;0;14;12
38520;392;243;14;12;0;0;14;12
38522;406;243;14;12;0;0;14;12
38525;420;243;14;12;0;0;14;12
38533;434;243;14;12;0;0;14;12
38534;448;243;14;12;0;0;14;12
38538;462;243;14;12;0;0;14;12
38542;476;243;14;12;0;0;14;12
38543;490;243;14;12;0;0;14;12
38548;504;243;14;12;0;0;14;12
38553;518;243;14;12;0;0;14;12
38555;532;243;14;12;0;0;14;12
38556;546;243;14;12;0;0;14;12
38560;560;243;14;12;0;0;14;12
38563;574;243;14;12;0;0;14;12
38583;588;243;14;12;0;0;14;12
38587;602;243;14;12;0;0;14;12
38596;616;243;14;12;0;0;14;12
38597;630;243;14;12;0;0;14;12
38598;644;243;14;12;0;0;14;12
38599;658;243;14;12;0;0;14;12
38604;672;243;14;12;0;0;14;12
38609;686;243;14;12;0;0;14;12
38626;700;243;14;12;0;0;14;12
38627;714;243;14;12;0;0;14;12
38632;728;243;14;12;0;0;14;12
38634;742;243;14;12;0;0;14;12
38640;756;243;14;12;0;0;14;12
38642;770;243;14;12;0;0;14;12
38646;784;243;14;12;0;0;14;12
38647;798;243;14;12;0;0;14;12
38651;812;243;14;12;0;0;14;12
38656;826;243;14;12;0;0;14;12
38663;840;243;14;12;0;0;14;12
38666;854;243;14;12;0;0;14;12
38684;868;243;14;12;0;0;14;12
38695;882;243;14;12;0;0;14;12
38706;896;243;14;12;0;0;14;12
38738;910;243;14;12;0;0;14;12
38745;924;243;14;12;0;0;14;12
38750;938;243;14;12;0;0;14;12
38754;952;243;14;12;0;0;14;12
38761;966;243;14;12;0;0;14;12
38772;980;243;14;12;0;0;14;12
38867;994;243;14;12;0;0;14;12
38899;1008;243;14;12;0;0;14;12
38907;1022;243;14;12;0;0;14;12
38911;1036;243;14;12;0;0;14;12
38914;1050;243;14;12;0;0;14;12
38915;1064;243;14;12;0;0;14;12
38917;1078;243;14;12;0;0;14;12
38918;1092;243;14;12;0;0;14;12
38920;1106;243;14;12;0;0;14;12
38928;1120;243;14;12;0;0;14;12
38929;1134;243;14;12;0;0;14;12
38930;1148;243;14;12;0;0;14;12
38931;1162;243;14;12;0;0;14;12
38936;1176;243;14;12;0;0;14;12
38957;1190;243;14;12;0;0;14;12
38960;1204;243;12;13;0;0;12;13
38971;1216;243;14;12;0;0;14;12
38972;1230;243;14;12;0;0;14;12
38988;1244;243;14;12;0;0;14;12
38989;1258;243;14;12;0;0;14;12
38990;1272;243;14;12;0;0;14;12
38996;1286;243;14;12;0;0;14;12
38997;1300;243;14;12;0;0;14;12
39000;1314;243;14;12;0;0;14;12
39006;1328;243;14;12;0;0;14;12
39015;1342;243;14;12;0;0;14;12
39080;1356;243;14;12;0;0;14;12
39131;1370;243;14;12;0;0;14;12
39135;1384;243;14;12;0;0;14;12
39138;1398;243;14;12;0;0;14;12
39151;1412;243;14;12;0;0;14;12
39154;1426;243;14;12;0;0;14;12
39164;1440;243;14;12;0;0;14;12
39165;1454;243;14;12;0;0;14;12
39166;1468;243;14;12;0;0;14;12
39173;1482;243;14;12;0;0;14;12
39178;1496;243;14;12;0;0;14;12
39180;1510;243;14;12;0;0;14;12
39187;1524;243;14;12;0;0;14;12
39208;1538;243;14;12;0;0;14;12
39318;1552;243;14;12;0;0;14;12
39321;1566;243;14;12;0;0;14;12
39340;1580;243;14;12;0;0;14;12
39364;1594;243;14;12;0;0;14;12
39365;1608;243;14;12;0;0;14;12
39366;1622;243;14;12;0;0;14;12
39376;1636;243;14;12;0;0;14;12
39378;1650;243;14;12;0;0;14;12
39438;1664;243;14;12;0;0;14;12
39442;1678;243;14;12;0;0;14;12
39443;1692;243;14;12;0;0;14;12
39472;1706;243;14;12;0;0;14;12
39514;1720;243;14;12;0;0;14;12
39592;1734;243;14;12;0;0;14;12
39608;1748;243;14;12;0;0;14;12
39620;1762;243;14;12;0;0;14;12
39640;1776;243;14;12;0;0;14;12
39658;1790;243;14;12;0;0;14;12
39729;1804;243;14;12;0;0;14;12
39740;1818;243;14;12;0;0;14;12
39746;1832;243;14;12;0;0;14;12
39749;1846;243;14;12;0;0;14;12
39764;1860;243;14;12;0;0;14;12
39770;1874;243;14;12;0;0;14;12
39854;1888;243;14;12;0;0;14;12
39912;1902;243;14;12;0;0;14;12
40165;1916;243;14;12;0;0;14;12
40180;1930;243;14;12;0;0;14;12
40335;1944;243;14;12;0;0;14;12
40372;1958;243;14;12;0;0;14;12
40575;1972;243;14;12;0;0;14;12
40595;1986;243;14;12;0;0;14;12
40599;2000;243;14;12;0;0;14;12
40614;2014;243;14;12;0;0;14;12
40634;2028;243;14;12;0;0;14;12
40635;0;258;14;12;0;0;14;12
40644;14;258;14;12;0;0;14;12
40658;28;258;14;12;0;0;14;12
40665;42;258;14;12;0;0;14;12
40723;56;258;14;12;0;0;14;12
40763;70;258;14;12;0;0;14;12
40802;84;258;14;12;0;0;14;12
65281;98;258;10;11;0;0;10;11
65283;108;258;10;11;0;0;10;11
65284;118;258;10;11;0;0;10;11
65285;128;258;10;11;0;0;10;11
65288;138;258;10;11;0;0;10;11
65289;148;258;10;11;0;0;10;11
65292;158;258;10;11;0;0;10;11
65296;168;258;10;11;0;0;10;11
65297;178;258;10;11;0;0;10;11
65298;188;258;10;11;0;0;10;11
65299;198;258;10;11;0;0;10;11
65300;208;258;10;11;0;0;10;11
65301;218;258;10;11;0;0;10;11
65302;228;258;10;11;0;0;10;11
65303;238;258;10;11;0;0;10;11
65304;248;258;10;11;0;0;10;11
65305;258;258;10;11;0;0;10;11
65306;268;258;10;11;0;0;10;11
65307;278;258;10;11;0;0;10;11
65311;288;258;10;11;0;0;10;11
65371;298;258;10;11;0;0;10;11
65373;308;258;10;11;0;0;10;11
65374;318;258;10;11;0;0;10;11
65381;328;258;10;11;0;0;10;11
65382;338;258;10;11;0;0;10;11
65383;348;258;10;11;0;0;10;11
65384;358;258;10;11;0;0;10;11
65385;368;258;10;11;0;0;10;11
65386;378;258;10;11;0;0;10;11
65387;388;258;10;11;0;0;10;11
65388;398;258;10;11;0;0;10;11
65389;408;258;10;11;0;0;10;11
65390;418;258;10;11;0;0;10;11
65391;428;258;10;11;0;0;10;11
65392;438;258;10;11;0;0;10;11
65393;448;258;10;11;0;0;10;11
65394;458;258;10;11;0;0;10;11
65395;468;258;10;11;0;0;10;11
65396;478;258;10;11;0;0;10;11
65397;488;258;10;11;0;0;10;11
65398;498;258;10;11;0;0;10;11
65399;508;258;10;11;0;0;10;11
65400;518;258;10;11;0;0;10;11
65401;528;258;10;11;0;0;10;11
65402;538;258;10;11;0;0;10;11
65403;548;258;10;11;0;0;10;11
65404;558;258;10;11;0;0;10;11
65405;568;258;10;11;0;0;10;11
65406;578;258;10;11;0;0;10;11
65407;588;258;10;11;0;0;10;11
65408;598;258;10;11;0;0;10;11
65409;608;258;10;11;0;0;10;11
65410;618;258;10;11;0;0;10;11
65411;628;258;10;11;0;0;10;11
65412;638;258;10;11;0;0;10;11
65413;648;258;10;11;0;0;10;11
65414;658;258;10;11;0;0;10;11
65415;668;258;10;11;0;0;10;11
65416;678;258;10;11;0;0;10;11
65417;688;258;10;11;0;0;10;11
65418;698;258;10;11;0;0;10;11
65419;708;258;10;11;0;0;10;11
65420;718;258;10;11;0;0;10;11
65421;728;258;10;11;0;0;10;11
65422;738;258;10;11;0;0;10;11
65423;748;258;10;11;0;0;10;11
65424;758;258;10;11;0;0;10;11
65425;768;258;10;11;0;0;10;11
65426;778;258;10;11;0;0;10;11
65427;788;258;10;11;0;0;10;11
65428;798;258;10;11;0;0;10;11
65429;808;258;10;11;0;0;10;11
65430;818;258;10;11;0;0;10;11
65431;828;258;10;11;0;0;10;11
65432;838;258;10;11;0;0;10;11
65433;848;258;10;11;0;0;10;11
65434;858;258;10;11;0;0;10;11
65435;868;258;10;11;0;0;10;11
65436;878;258;10;11;0;0;10;11
65437;888;258;10;11;0;0;10;11
65438;898;258;10;11;0;0;10;11
65439;908;258;10;11;0;0;10;11
65509;918;258;10;11;0;0;10;11
