16;-0.5;0.5;15
32;0;0;8;14;0;0;8;14
33;10;0;8;14;0;0;8;14
34;20;0;8;14;0;0;8;14
35;30;0;8;14;0;0;8;14
36;40;0;8;14;0;0;8;14
37;50;0;8;14;0;0;8;14
38;60;0;8;14;0;0;8;14
39;70;0;8;14;0;0;8;14
40;80;0;8;14;0;0;8;14
41;90;0;8;14;0;0;8;14
42;100;0;8;14;0;0;8;14
43;110;0;8;14;0;0;8;14
44;120;0;8;14;0;0;8;14
45;130;0;8;14;0;0;8;14
46;140;0;8;14;0;0;8;14
47;150;0;8;14;0;0;8;14
48;160;0;8;14;0;0;8;14
49;170;0;8;14;0;0;8;14
50;180;0;8;14;0;0;8;14
51;190;0;8;14;0;0;8;14
52;200;0;8;14;0;0;8;14
53;210;0;8;14;0;0;8;14
54;220;0;8;14;0;0;8;14
55;230;0;8;14;0;0;8;14
56;240;0;8;14;0;0;8;14
57;250;0;8;14;0;0;8;14
58;260;0;8;14;0;0;8;14
59;270;0;8;14;0;0;8;14
60;280;0;8;14;0;0;8;14
61;290;0;8;14;0;0;8;14
62;300;0;8;14;0;0;8;14
63;310;0;8;14;0;0;8;14
64;320;0;8;14;0;0;8;14
65;330;0;8;14;0;0;8;14
66;340;0;8;14;0;0;8;14
67;350;0;8;14;0;0;8;14
68;360;0;8;14;0;0;8;14
69;370;0;8;14;0;0;8;14
70;380;0;8;14;0;0;8;14
71;390;0;8;14;0;0;8;14
72;400;0;8;14;0;0;8;14
73;410;0;8;14;0;0;8;14
74;420;0;8;14;0;0;8;14
75;430;0;8;14;0;0;8;14
76;440;0;8;14;0;0;8;14
77;450;0;8;14;0;0;8;14
78;460;0;8;14;0;0;8;14
79;470;0;8;14;0;0;8;14
80;480;0;8;14;0;0;8;14
81;490;0;8;14;0;0;8;14
82;500;0;8;14;0;0;8;14
83;510;0;8;14;0;0;8;14
84;520;0;8;14;0;0;8;14
85;530;0;8;14;0;0;8;14
86;540;0;8;14;0;0;8;14
87;550;0;8;14;0;0;8;14
88;560;0;8;14;0;0;8;14
89;570;0;8;14;0;0;8;14
90;580;0;8;14;0;0;8;14
91;590;0;8;14;0;0;8;14
92;600;0;8;14;0;0;8;14
93;610;0;8;14;0;0;8;14
94;620;0;8;14;0;0;8;14
95;630;0;8;14;0;0;8;14
96;640;0;8;14;0;0;8;14
97;650;0;8;14;0;0;8;14
98;660;0;8;14;0;0;8;14
99;670;0;8;14;0;0;8;14
100;680;0;8;14;0;0;8;14
101;690;0;8;14;0;0;8;14
102;700;0;8;14;0;0;8;14
103;710;0;8;14;0;0;8;14
104;720;0;8;14;0;0;8;14
105;730;0;8;14;0;0;8;14
106;740;0;8;14;0;0;8;14
107;750;0;8;14;0;0;8;14
108;760;0;8;14;0;0;8;14
109;770;0;8;14;0;0;8;14
110;780;0;8;14;0;0;8;14
111;790;0;8;14;0;0;8;14
112;800;0;8;14;0;0;8;14
113;810;0;8;14;0;0;8;14
114;820;0;8;14;0;0;8;14
115;830;0;8;14;0;0;8;14
116;840;0;8;14;0;0;8;14
117;850;0;8;14;0;0;8;14
118;860;0;8;14;0;0;8;14
119;870;0;8;14;0;0;8;14
120;880;0;8;14;0;0;8;14
121;890;0;8;14;0;0;8;14
122;900;0;8;14;0;0;8;14
123;910;0;8;14;0;0;8;14
124;920;0;8;14;0;0;8;14
125;930;0;8;14;0;0;8;14
126;940;0;8;14;0;0;8;14
192;950;0;8;14;0;0;8;14
193;960;0;8;14;0;0;8;14
194;970;0;8;14;0;0;8;14
196;980;0;8;14;0;0;8;14
198;990;0;8;14;0;0;8;14
199;1000;0;8;14;0;0;8;14
200;1010;0;8;14;0;0;8;14
201;1020;0;8;14;0;0;8;14
202;1030;0;8;14;0;0;8;14
203;1040;0;8;14;0;0;8;14
205;1050;0;8;14;0;0;8;14
206;1060;0;8;14;0;0;8;14
207;1070;0;8;14;0;0;8;14
209;1080;0;8;14;0;0;8;14
211;1090;0;8;14;0;0;8;14
212;1100;0;8;14;0;0;8;14
214;1110;0;8;14;0;0;8;14
217;1120;0;8;14;0;0;8;14
218;1130;0;8;14;0;0;8;14
219;1140;0;8;14;0;0;8;14
220;1150;0;8;14;0;0;8;14
223;1160;0;8;14;0;0;8;14
224;1170;0;8;14;0;0;8;14
225;1180;0;8;14;0;0;8;14
226;1190;0;8;14;0;0;8;14
228;1200;0;8;14;0;0;8;14
230;1210;0;8;14;0;0;8;14
231;1220;0;8;14;0;0;8;14
232;1230;0;8;14;0;0;8;14
233;1240;0;8;14;0;0;8;14
234;1250;0;8;14;0;0;8;14
235;1260;0;8;14;0;0;8;14
237;1270;0;8;14;0;0;8;14
238;1280;0;8;14;0;0;8;14
239;1290;0;8;14;0;0;8;14
241;1300;0;8;14;0;0;8;14
243;1310;0;8;14;0;0;8;14
244;1320;0;8;14;0;0;8;14
246;1330;0;8;14;0;0;8;14
249;1340;0;8;14;0;0;8;14
250;1350;0;8;14;0;0;8;14
251;1360;0;8;14;0;0;8;14
252;1370;0;8;14;0;0;8;14
255;1380;0;8;14;0;0;8;14
305;1390;0;8;14;0;0;8;14
338;1400;0;8;14;0;0;8;14
339;1410;0;8;14;0;0;8;14
376;1420;0;8;14;0;0;8;14
183;1430;0;8;14;0;0;8;14
183;0;18;15;12;0;0;15;12
8212;17;18;15;12;0;0;15;12
8216;34;18;6;12;0;0;6;12
8217;42;18;6;12;0;0;6;12
8220;50;18;10;12;0;0;10;12
8221;62;18;10;12;0;0;10;12
8230;74;18;15;12;0;0;15;12
8592;91;18;15;12;0;0;15;12
8593;108;18;15;12;0;0;15;12
8594;125;18;15;12;0;0;15;12
8595;142;18;15;12;0;0;15;12
12288;159;18;15;12;0;0;15;12
12289;176;18;15;12;0;0;15;12
12290;193;18;15;12;0;0;15;12
12298;210;18;15;12;0;0;15;12
12299;227;18;15;12;0;0;15;12
12300;244;18;15;12;0;0;15;12
12301;261;18;15;12;0;0;15;12
12302;278;18;15;12;0;0;15;12
12303;295;18;15;12;0;0;15;12
12304;312;18;15;12;0;0;15;12
12305;329;18;15;12;0;0;15;12
12308;346;18;15;12;0;0;15;12
12309;363;18;15;12;0;0;15;12
12310;380;18;15;12;0;0;15;12
12311;397;18;15;12;0;0;15;12
12353;414;18;15;12;0;0;15;12
12354;431;18;15;12;0;0;15;12
12355;448;18;15;12;0;0;15;12
12356;465;18;15;12;0;0;15;12
12357;482;18;15;12;0;0;15;12
12358;499;18;15;12;0;0;15;12
12359;516;18;15;12;0;0;15;12
12360;533;18;15;12;0;0;15;12
12361;550;18;15;12;0;0;15;12
12362;567;18;15;12;0;0;15;12
12363;584;18;15;12;0;0;15;12
12364;601;18;15;12;0;0;15;12
12365;618;18;15;12;0;0;15;12
12366;635;18;15;12;0;0;15;12
12367;652;18;15;12;0;0;15;12
12368;669;18;15;12;0;0;15;12
12369;686;18;15;12;0;0;15;12
12370;703;18;15;12;0;0;15;12
12371;720;18;15;12;0;0;15;12
12372;737;18;15;12;0;0;15;12
12373;754;18;15;12;0;0;15;12
12374;771;18;15;12;0;0;15;12
12375;788;18;15;12;0;0;15;12
12376;805;18;15;12;0;0;15;12
12377;822;18;15;12;0;0;15;12
12378;839;18;15;12;0;0;15;12
12379;856;18;15;12;0;0;15;12
12380;873;18;15;12;0;0;15;12
12381;890;18;15;12;0;0;15;12
12382;907;18;15;12;0;0;15;12
12383;924;18;15;12;0;0;15;12
12384;941;18;15;12;0;0;15;12
12385;958;18;15;12;0;0;15;12
12386;975;18;15;12;0;0;15;12
12387;992;18;15;12;0;0;15;12
12388;1009;18;15;12;0;0;15;12
12389;1026;18;15;12;0;0;15;12
12390;1043;18;15;12;0;0;15;12
12391;1060;18;15;12;0;0;15;12
12392;1077;18;15;12;0;0;15;12
12393;1094;18;15;12;0;0;15;12
12394;1111;18;15;12;0;0;15;12
12395;1128;18;15;12;0;0;15;12
12396;1145;18;15;12;0;0;15;12
12397;1162;18;15;12;0;0;15;12
12398;1179;18;15;12;0;0;15;12
12399;1196;18;15;12;0;0;15;12
12400;1213;18;15;12;0;0;15;12
12401;1230;18;15;12;0;0;15;12
12402;1247;18;15;12;0;0;15;12
12403;1264;18;15;12;0;0;15;12
12404;1281;18;15;12;0;0;15;12
12405;1298;18;15;12;0;0;15;12
12406;1315;18;15;12;0;0;15;12
12407;1332;18;15;12;0;0;15;12
12408;1349;18;15;12;0;0;15;12
12409;1366;18;15;12;0;0;15;12
12410;1383;18;15;12;0;0;15;12
12411;1400;18;15;12;0;0;15;12
12412;1417;18;15;12;0;0;15;12
12413;1434;18;15;12;0;0;15;12
12414;1451;18;15;12;0;0;15;12
12415;1468;18;15;12;0;0;15;12
12416;1485;18;15;12;0;0;15;12
12417;1502;18;15;12;0;0;15;12
12418;1519;18;15;12;0;0;15;12
12419;1536;18;15;12;0;0;15;12
12420;1553;18;15;12;0;0;15;12
12421;1570;18;15;12;0;0;15;12
12422;1587;18;15;12;0;0;15;12
12423;1604;18;15;12;0;0;15;12
12424;1621;18;15;12;0;0;15;12
12425;1638;18;15;12;0;0;15;12
12426;1655;18;15;12;0;0;15;12
12427;1672;18;15;12;0;0;15;12
12428;1689;18;15;12;0;0;15;12
12429;1706;18;15;12;0;0;15;12
12430;1723;18;15;12;0;0;15;12
12431;1740;18;15;12;0;0;15;12
12432;1757;18;15;12;0;0;15;12
12433;1774;18;15;12;0;0;15;12
12434;1791;18;15;12;0;0;15;12
12435;1808;18;15;12;0;0;15;12
12436;1825;18;15;12;0;0;15;12
12437;1842;18;15;12;0;0;15;12
12438;1859;18;15;12;0;0;15;12
12443;1876;18;15;12;0;0;15;12
12444;1893;18;15;12;0;0;15;12
12445;1910;18;15;12;0;0;15;12
12446;1927;18;15;12;0;0;15;12
12448;1944;18;15;12;0;0;15;12
12449;1961;18;15;12;0;0;15;12
12450;1978;18;15;12;0;0;15;12
12451;1995;18;15;12;0;0;15;12
12452;2012;18;15;12;0;0;15;12
12453;2029;18;15;12;0;0;15;12
12454;0;33;15;12;0;0;15;12
12455;17;33;15;12;0;0;15;12
12456;34;33;15;12;0;0;15;12
12457;51;33;15;12;0;0;15;12
12458;68;33;15;12;0;0;15;12
12459;85;33;15;12;0;0;15;12
12460;102;33;15;12;0;0;15;12
12461;119;33;15;12;0;0;15;12
12462;136;33;15;12;0;0;15;12
12463;153;33;15;12;0;0;15;12
12464;170;33;15;12;0;0;15;12
12465;187;33;15;12;0;0;15;12
12466;204;33;15;12;0;0;15;12
12467;221;33;15;12;0;0;15;12
12468;238;33;15;12;0;0;15;12
12469;255;33;15;12;0;0;15;12
12470;272;33;15;12;0;0;15;12
12471;289;33;15;12;0;0;15;12
12472;306;33;15;12;0;0;15;12
12473;323;33;15;12;0;0;15;12
12474;340;33;15;12;0;0;15;12
12475;357;33;15;12;0;0;15;12
12476;374;33;15;12;0;0;15;12
12477;391;33;15;12;0;0;15;12
12478;408;33;15;12;0;0;15;12
12479;425;33;15;12;0;0;15;12
12480;442;33;15;12;0;0;15;12
12481;459;33;15;12;0;0;15;12
12482;476;33;15;12;0;0;15;12
12483;493;33;15;12;0;0;15;12
12484;510;33;15;12;0;0;15;12
12485;527;33;15;12;0;0;15;12
12486;544;33;15;12;0;0;15;12
12487;561;33;15;12;0;0;15;12
12488;578;33;15;12;0;0;15;12
12489;595;33;15;12;0;0;15;12
12490;612;33;15;12;0;0;15;12
12491;629;33;15;12;0;0;15;12
12492;646;33;15;12;0;0;15;12
12493;663;33;15;12;0;0;15;12
12494;680;33;15;12;0;0;15;12
12495;697;33;15;12;0;0;15;12
12496;714;33;15;12;0;0;15;12
12497;731;33;15;12;0;0;15;12
12498;748;33;15;12;0;0;15;12
12499;765;33;15;12;0;0;15;12
12500;782;33;15;12;0;0;15;12
12501;799;33;15;12;0;0;15;12
12502;816;33;15;12;0;0;15;12
12503;833;33;15;12;0;0;15;12
12504;850;33;15;12;0;0;15;12
12505;867;33;15;12;0;0;15;12
12506;884;33;15;12;0;0;15;12
12507;901;33;15;12;0;0;15;12
12508;918;33;15;12;0;0;15;12
12509;935;33;15;12;0;0;15;12
12510;952;33;15;12;0;0;15;12
12511;969;33;15;12;0;0;15;12
12512;986;33;15;12;0;0;15;12
12513;1003;33;15;12;0;0;15;12
12514;1020;33;15;12;0;0;15;12
12515;1037;33;15;12;0;0;15;12
12516;1054;33;15;12;0;0;15;12
12517;1071;33;15;12;0;0;15;12
12518;1088;33;15;12;0;0;15;12
12519;1105;33;15;12;0;0;15;12
12520;1122;33;15;12;0;0;15;12
12521;1139;33;15;12;0;0;15;12
12522;1156;33;15;12;0;0;15;12
12523;1173;33;15;12;0;0;15;12
12524;1190;33;15;12;0;0;15;12
12525;1207;33;15;12;0;0;15;12
12526;1224;33;15;12;0;0;15;12
12527;1241;33;15;12;0;0;15;12
12528;1258;33;15;12;0;0;15;12
12529;1275;33;15;12;0;0;15;12
12530;1292;33;15;12;0;0;15;12
12531;1309;33;15;12;0;0;15;12
12532;1326;33;15;12;0;0;15;12
12533;1343;33;15;12;0;0;15;12
12534;1360;33;15;12;0;0;15;12
12535;1377;33;15;12;0;0;15;12
12536;1394;33;15;12;0;0;15;12
12537;1411;33;15;12;0;0;15;12
12538;1428;33;15;12;0;0;15;12
12539;1445;33;15;12;0;0;15;12
12540;1462;33;15;12;0;0;15;12
12541;1479;33;15;12;0;0;15;12
12542;1496;33;15;12;0;0;15;12
19968;1513;33;15;12;0;0;15;12
19969;1530;33;15;12;0;0;15;12
19971;1547;33;15;12;0;0;15;12
19975;1564;33;15;12;0;0;15;12
19976;1581;33;15;12;0;0;15;12
19977;1598;33;15;12;0;0;15;12
19978;1615;33;15;12;0;0;15;12
19979;1632;33;15;12;0;0;15;12
19981;1649;33;15;12;0;0;15;12
19982;1666;33;15;12;0;0;15;12
19988;1683;33;15;12;0;0;15;12
19990;1700;33;15;12;0;0;15;12
19992;1717;33;15;12;0;0;15;12
19993;1734;33;15;12;0;0;15;12
20001;1751;33;15;12;0;0;15;12
20006;1768;33;15;12;0;0;15;12
20013;1785;33;15;12;0;0;15;12
20018;1802;33;15;12;0;0;15;12
20024;1819;33;15;12;0;0;15;12
20025;1836;33;15;12;0;0;15;12
20027;1853;33;15;12;0;0;15;12
20028;1870;33;15;12;0;0;15;12
20037;1887;33;15;12;0;0;15;12
20047;1904;33;15;12;0;0;15;12
20055;1921;33;15;12;0;0;15;12
20057;1938;33;15;12;0;0;15;12
20061;1955;33;15;12;0;0;15;12
20062;1972;33;15;12;0;0;15;12
20081;1989;33;15;12;0;0;15;12
20083;2006;33;15;12;0;0;15;12
20094;2023;33;15;12;0;0;15;12
20096;0;48;15;12;0;0;15;12
20102;17;48;15;12;0;0;15;12
20104;34;48;15;12;0;0;15;12
20105;51;48;15;12;0;0;15;12
20107;68;48;15;12;0;0;15;12
20108;85;48;15;12;0;0;15;12
20114;102;48;15;12;0;0;15;12
20116;119;48;15;12;0;0;15;12
20117;136;48;15;12;0;0;15;12
20124;153;48;15;12;0;0;15;12
20129;170;48;15;12;0;0;15;12
20132;187;48;15;12;0;0;15;12
20139;204;48;15;12;0;0;15;12
20140;221;48;15;12;0;0;15;12
20141;238;48;15;12;0;0;15;12
20154;255;48;15;12;0;0;15;12
20161;272;48;15;12;0;0;15;12
20170;289;48;15;12;0;0;15;12
20171;306;48;15;12;0;0;15;12
20175;323;48;15;12;0;0;15;12
20181;340;48;15;12;0;0;15;12
20182;357;48;15;12;0;0;15;12
20184;374;48;15;12;0;0;15;12
20185;391;48;15;12;0;0;15;12
20195;408;48;15;12;0;0;15;12
20196;425;48;15;12;0;0;15;12
20197;442;48;15;12;0;0;15;12
20206;459;48;15;12;0;0;15;12
20208;476;48;15;12;0;0;15;12
20210;493;48;15;12;0;0;15;12
20214;510;48;15;12;0;0;15;12
20219;527;48;15;12;0;0;15;12
20225;544;48;15;12;0;0;15;12
20238;561;48;15;12;0;0;15;12
20239;578;48;15;12;0;0;15;12
20240;595;48;15;12;0;0;15;12
20241;612;48;15;12;0;0;15;12
20250;629;48;15;12;0;0;15;12
20253;646;48;15;12;0;0;15;12
20271;663;48;15;12;0;0;15;12
20276;680;48;15;12;0;0;15;12
20280;697;48;15;12;0;0;15;12
20282;714;48;15;12;0;0;15;12
20284;731;48;15;12;0;0;15;12
20294;748;48;15;12;0;0;15;12
20301;765;48;15;12;0;0;15;12
20302;782;48;15;12;0;0;15;12
20303;799;48;15;12;0;0;15;12
20304;816;48;15;12;0;0;15;12
20307;833;48;15;12;0;0;15;12
20309;850;48;15;12;0;0;15;12
20313;867;48;15;12;0;0;15;12
20316;884;48;15;12;0;0;15;12
20339;901;48;15;12;0;0;15;12
20341;918;48;15;12;0;0;15;12
20351;935;48;15;12;0;0;15;12
20363;952;48;15;12;0;0;15;12
20365;969;48;15;12;0;0;15;12
20379;986;48;15;12;0;0;15;12
20381;1003;48;15;12;0;0;15;12
20385;1020;48;15;12;0;0;15;12
20398;1037;48;15;12;0;0;15;12
20399;1054;48;15;12;0;0;15;12
20405;1071;48;15;12;0;0;15;12
20406;1088;48;15;12;0;0;15;12
20415;1105;48;15;12;0;0;15;12
20418;1122;48;15;12;0;0;15;12
20419;1139;48;15;12;0;0;15;12
20426;1156;48;15;12;0;0;15;12
20439;1173;48;15;12;0;0;15;12
20445;1190;48;15;12;0;0;15;12
20449;1207;48;15;12;0;0;15;12
20462;1224;48;15;12;0;0;15;12
20467;1241;48;15;12;0;0;15;12
20469;1258;48;15;12;0;0;15;12
20472;1275;48;15;12;0;0;15;12
20474;1292;48;15;12;0;0;15;12
20489;1309;48;15;12;0;0;15;12
20491;1326;48;15;12;0;0;15;12
20493;1343;48;15;12;0;0;15;12
20498;1360;48;15;12;0;0;15;12
20505;1377;48;15;12;0;0;15;12
20511;1394;48;15;12;0;0;15;12
20515;1411;48;15;12;0;0;15;12
20516;1428;48;15;12;0;0;15;12
20523;1445;48;15;12;0;0;15;12
20537;1462;48;15;12;0;0;15;12
20553;1479;48;15;12;0;0;15;12
20559;1496;48;15;12;0;0;15;12
20572;1513;48;15;12;0;0;15;12
20581;1530;48;15;12;0;0;15;12
20596;1547;48;15;12;0;0;15;12
20597;1564;48;15;12;0;0;15;12
20598;1581;48;15;12;0;0;15;12
20605;1598;48;15;12;0;0;15;12
20621;1615;48;15;12;0;0;15;12
20625;1632;48;15;12;0;0;15;12
20632;1649;48;15;12;0;0;15;12
20633;1666;48;15;12;0;0;15;12
20652;1683;48;15;12;0;0;15;12
20658;1700;48;15;12;0;0;15;12
20661;1717;48;15;12;0;0;15;12
20663;1734;48;15;12;0;0;15;12
20670;1751;48;15;12;0;0;15;12
20677;1768;48;15;12;0;0;15;12
20685;1785;48;15;12;0;0;15;12
20687;1802;48;15;12;0;0;15;12
20693;1819;48;15;12;0;0;15;12
20698;1836;48;15;12;0;0;15;12
20711;1853;48;15;12;0;0;15;12
20736;1870;48;15;12;0;0;15;12
20740;1887;48;15;12;0;0;15;12
20754;1904;48;15;12;0;0;15;12
20767;1921;48;15;12;0;0;15;12
20778;1938;48;15;12;0;0;15;12
20803;1955;48;15;12;0;0;15;12
20804;1972;48;15;12;0;0;15;12
20805;1989;48;15;12;0;0;15;12
20806;2006;48;15;12;0;0;15;12
20808;2023;48;15;12;0;0;15;12
20809;0;63;15;12;0;0;15;12
20811;17;63;15;12;0;0;15;12
20813;34;63;15;12;0;0;15;12
20816;51;63;15;12;0;0;15;12
20826;68;63;15;12;0;0;15;12
20837;85;63;15;12;0;0;15;12
20840;102;63;15;12;0;0;15;12
20843;119;63;15;12;0;0;15;12
20844;136;63;15;12;0;0;15;12
20845;153;63;15;12;0;0;15;12
20849;170;63;15;12;0;0;15;12
20853;187;63;15;12;0;0;15;12
20855;204;63;15;12;0;0;15;12
20856;221;63;15;12;0;0;15;12
20860;238;63;15;12;0;0;15;12
20869;255;63;15;12;0;0;15;12
20870;272;63;15;12;0;0;15;12
20874;289;63;15;12;0;0;15;12
20877;306;63;15;12;0;0;15;12
20882;323;63;15;12;0;0;15;12
20887;340;63;15;12;0;0;15;12
20889;357;63;15;12;0;0;15;12
20896;374;63;15;12;0;0;15;12
20901;391;63;15;12;0;0;15;12
20908;408;63;15;12;0;0;15;12
20918;425;63;15;12;0;0;15;12
20919;442;63;15;12;0;0;15;12
20932;459;63;15;12;0;0;15;12
20934;476;63;15;12;0;0;15;12
20941;493;63;15;12;0;0;15;12
20957;510;63;15;12;0;0;15;12
20961;527;63;15;12;0;0;15;12
20966;544;63;15;12;0;0;15;12
20982;561;63;15;12;0;0;15;12
20984;578;63;15;12;0;0;15;12
20985;595;63;15;12;0;0;15;12
20986;612;63;15;12;0;0;15;12
20992;629;63;15;12;0;0;15;12
20995;646;63;15;12;0;0;15;12
20998;663;63;15;12;0;0;15;12
20999;680;63;15;12;0;0;15;12
21000;697;63;15;12;0;0;15;12
21002;714;63;15;12;0;0;15;12
21009;731;63;15;12;0;0;15;12
21015;748;63;15;12;0;0;15;12
21021;765;63;15;12;0;0;15;12
21028;782;63;15;12;0;0;15;12
21029;799;63;15;12;0;0;15;12
21033;816;63;15;12;0;0;15;12
21040;833;63;15;12;0;0;15;12
21046;850;63;15;12;0;0;15;12
21047;867;63;15;12;0;0;15;12
21048;884;63;15;12;0;0;15;12
21049;901;63;15;12;0;0;15;12
21050;918;63;15;12;0;0;15;12
21051;935;63;15;12;0;0;15;12
21063;952;63;15;12;0;0;15;12
21066;969;63;15;12;0;0;15;12
21069;986;63;15;12;0;0;15;12
21078;1003;63;15;12;0;0;15;12
21083;1020;63;15;12;0;0;15;12
21085;1037;63;15;12;0;0;15;12
21091;1054;63;15;12;0;0;15;12
21092;1071;63;15;12;0;0;15;12
21103;1088;63;15;12;0;0;15;12
21104;1105;63;15;12;0;0;15;12
21106;1122;63;15;12;0;0;15;12
21109;1139;63;15;12;0;0;15;12
21127;1156;63;15;12;0;0;15;12
21147;1173;63;15;12;0;0;15;12
21151;1190;63;15;12;0;0;15;12
21152;1207;63;15;12;0;0;15;12
21155;1224;63;15;12;0;0;15;12
21161;1241;63;15;12;0;0;15;12
21162;1258;63;15;12;0;0;15;12
21169;1275;63;15;12;0;0;15;12
21172;1292;63;15;12;0;0;15;12
21177;1309;63;15;12;0;0;15;12
21182;1326;63;15;12;0;0;15;12
21187;1343;63;15;12;0;0;15;12
21189;1360;63;15;12;0;0;15;12
21191;1377;63;15;12;0;0;15;12
21193;1394;63;15;12;0;0;15;12
21205;1411;63;15;12;0;0;15;12
21208;1428;63;15;12;0;0;15;12
21209;1445;63;15;12;0;0;15;12
21213;1462;63;15;12;0;0;15;12
21215;1479;63;15;12;0;0;15;12
21218;1496;63;15;12;0;0;15;12
21220;1513;63;15;12;0;0;15;12
21223;1530;63;15;12;0;0;15;12
21234;1547;63;15;12;0;0;15;12
21246;1564;63;15;12;0;0;15;12
21250;1581;63;15;12;0;0;15;12
21253;1598;63;15;12;0;0;15;12
21270;1615;63;15;12;0;0;15;12
21271;1632;63;15;12;0;0;15;12
21280;1649;63;15;12;0;0;15;12
21305;1666;63;15;12;0;0;15;12
21306;1683;63;15;12;0;0;15;12
21307;1700;63;15;12;0;0;15;12
21311;1717;63;15;12;0;0;15;12
21313;1734;63;15;12;0;0;15;12
21315;1751;63;15;12;0;0;15;12
21319;1768;63;15;12;0;0;15;12
21320;1785;63;15;12;0;0;15;12
21322;1802;63;15;12;0;0;15;12
21329;1819;63;15;12;0;0;15;12
21330;1836;63;15;12;0;0;15;12
21331;1853;63;15;12;0;0;15;12
21332;1870;63;15;12;0;0;15;12
21335;1887;63;15;12;0;0;15;12
21336;1904;63;15;12;0;0;15;12
21338;1921;63;15;12;0;0;15;12
21344;1938;63;15;12;0;0;15;12
21360;1955;63;15;12;0;0;15;12
21361;1972;63;15;12;0;0;15;12
21363;1989;63;15;12;0;0;15;12
21364;2006;63;15;12;0;0;15;12
21365;2023;63;15;12;0;0;15;12
21368;0;78;15;12;0;0;15;12
21380;17;78;15;12;0;0;15;12
21400;34;78;15;12;0;0;15;12
21402;51;78;15;12;0;0;15;12
21407;68;78;15;12;0;0;15;12
21427;85;78;15;12;0;0;15;12
21435;102;78;15;12;0;0;15;12
21442;119;78;15;12;0;0;15;12
21448;136;78;15;12;0;0;15;12
21450;153;78;15;12;0;0;15;12
21451;170;78;15;12;0;0;15;12
21452;187;78;15;12;0;0;15;12
21453;204;78;15;12;0;0;15;12
21454;221;78;15;12;0;0;15;12
21460;238;78;15;12;0;0;15;12
21462;255;78;15;12;0;0;15;12
21463;272;78;15;12;0;0;15;12
21465;289;78;15;12;0;0;15;12
21475;306;78;15;12;0;0;15;12
21476;323;78;15;12;0;0;15;12
21477;340;78;15;12;0;0;15;12
21483;357;78;15;12;0;0;15;12
21484;374;78;15;12;0;0;15;12
21487;391;78;15;12;0;0;15;12
21488;408;78;15;12;0;0;15;12
21490;425;78;15;12;0;0;15;12
21491;442;78;15;12;0;0;15;12
21495;459;78;15;12;0;0;15;12
21496;476;78;15;12;0;0;15;12
21508;493;78;15;12;0;0;15;12
21512;510;78;15;12;0;0;15;12
21513;527;78;15;12;0;0;15;12
21516;544;78;15;12;0;0;15;12
21517;561;78;15;12;0;0;15;12
21518;578;78;15;12;0;0;15;12
21519;595;78;15;12;0;0;15;12
21520;612;78;15;12;0;0;15;12
21521;629;78;15;12;0;0;15;12
21531;646;78;15;12;0;0;15;12
21535;663;78;15;12;0;0;15;12
21542;680;78;15;12;0;0;15;12
21547;697;78;15;12;0;0;15;12
21560;714;78;15;12;0;0;15;12
21561;731;78;15;12;0;0;15;12
21570;748;78;15;12;0;0;15;12
21576;765;78;15;12;0;0;15;12
21577;782;78;15;12;0;0;15;12
21578;799;78;15;12;0;0;15;12
21608;816;78;15;12;0;0;15;12
21610;833;78;15;12;0;0;15;12
21619;850;78;15;12;0;0;15;12
21628;867;78;15;12;0;0;15;12
21629;884;78;15;12;0;0;15;12
21644;901;78;15;12;0;0;15;12
21682;918;78;15;12;0;0;15;12
21693;935;78;15;12;0;0;15;12
21696;952;78;15;12;0;0;15;12
21697;969;78;15;12;0;0;15;12
21729;986;78;15;12;0;0;15;12
21746;1003;78;15;12;0;0;15;12
21754;1020;78;15;12;0;0;15;12
21764;1037;78;15;12;0;0;15;12
21766;1054;78;15;12;0;0;15;12
21767;1071;78;15;12;0;0;15;12
21776;1088;78;15;12;0;0;15;12
21807;1105;78;15;12;0;0;15;12
21809;1122;78;15;12;0;0;15;12
21822;1139;78;15;12;0;0;15;12
21830;1156;78;15;12;0;0;15;12
21839;1173;78;15;12;0;0;15;12
21843;1190;78;15;12;0;0;15;12
21892;1207;78;15;12;0;0;15;12
21897;1224;78;15;12;0;0;15;12
21914;1241;78;15;12;0;0;15;12
21916;1258;78;15;12;0;0;15;12
21917;1275;78;15;12;0;0;15;12
21929;1292;78;15;12;0;0;15;12
21930;1309;78;15;12;0;0;15;12
21931;1326;78;15;12;0;0;15;12
21942;1343;78;15;12;0;0;15;12
21957;1360;78;15;12;0;0;15;12
21987;1377;78;15;12;0;0;15;12
22022;1394;78;15;12;0;0;15;12
22065;1411;78;15;12;0;0;15;12
22066;1428;78;15;12;0;0;15;12
22120;1445;78;15;12;0;0;15;12
22132;1462;78;15;12;0;0;15;12
22151;1479;78;15;12;0;0;15;12
22234;1496;78;15;12;0;0;15;12
22235;1513;78;15;12;0;0;15;12
22238;1530;78;15;12;0;0;15;12
22240;1547;78;15;12;0;0;15;12
22243;1564;78;15;12;0;0;15;12
22256;1581;78;15;12;0;0;15;12
22258;1598;78;15;12;0;0;15;12
22259;1615;78;15;12;0;0;15;12
22266;1632;78;15;12;0;0;15;12
22269;1649;78;15;12;0;0;15;12
22287;1666;78;15;12;0;0;15;12
22290;1683;78;15;12;0;0;15;12
22303;1700;78;15;12;0;0;15;12
22311;1717;78;15;12;0;0;15;12
22312;1734;78;15;12;0;0;15;12
22320;1751;78;15;12;0;0;15;12
22338;1768;78;15;12;0;0;15;12
22343;1785;78;15;12;0;0;15;12
22346;1802;78;15;12;0;0;15;12
22353;1819;78;15;12;0;0;15;12
22378;1836;78;15;12;0;0;15;12
22402;1853;78;15;12;0;0;15;12
22411;1870;78;15;12;0;0;15;12
22435;1887;78;15;12;0;0;15;12
22475;1904;78;15;12;0;0;15;12
22478;1921;78;15;12;0;0;15;12
22495;1938;78;15;12;0;0;15;12
22519;1955;78;15;12;0;0;15;12
22521;1972;78;15;12;0;0;15;12
22522;1989;78;15;12;0;0;15;12
22524;2006;78;15;12;0;0;15;12
22528;2023;78;15;12;0;0;15;12
22530;0;93;15;12;0;0;15;12
22533;17;93;15;12;0;0;15;12
22534;34;93;15;12;0;0;15;12
22549;51;93;15;12;0;0;15;12
22564;68;93;15;12;0;0;15;12
22570;85;93;15;12;0;0;15;12
22577;102;93;15;12;0;0;15;12
22580;119;93;15;12;0;0;15;12
22592;136;93;15;12;0;0;15;12
22593;153;93;15;12;0;0;15;12
22602;170;93;15;12;0;0;15;12
22609;187;93;15;12;0;0;15;12
22612;204;93;15;12;0;0;15;12
22615;221;93;15;12;0;0;15;12
22618;238;93;15;12;0;0;15;12
22622;255;93;15;12;0;0;15;12
22625;272;93;15;12;0;0;15;12
22633;289;93;15;12;0;0;15;12
22654;306;93;15;12;0;0;15;12
22659;323;93;15;12;0;0;15;12
22675;340;93;15;12;0;0;15;12
22679;357;93;15;12;0;0;15;12
22684;374;93;15;12;0;0;15;12
22696;391;93;15;12;0;0;15;12
22707;408;93;15;12;0;0;15;12
22718;425;93;15;12;0;0;15;12
22721;442;93;15;12;0;0;15;12
22727;459;93;15;12;0;0;15;12
22730;476;93;15;12;0;0;15;12
22732;493;93;15;12;0;0;15;12
22763;510;93;15;12;0;0;15;12
22766;527;93;15;12;0;0;15;12
22768;544;93;15;12;0;0;15;12
22769;561;93;15;12;0;0;15;12
22770;578;93;15;12;0;0;15;12
22793;595;93;15;12;0;0;15;12
22799;612;93;15;12;0;0;15;12
22805;629;93;15;12;0;0;15;12
22806;646;93;15;12;0;0;15;12
22810;663;93;15;12;0;0;15;12
22812;680;93;15;12;0;0;15;12
22818;697;93;15;12;0;0;15;12
22823;714;93;15;12;0;0;15;12
22825;731;93;15;12;0;0;15;12
22826;748;93;15;12;0;0;15;12
22827;765;93;15;12;0;0;15;12
22830;782;93;15;12;0;0;15;12
22833;799;93;15;12;0;0;15;12
22855;816;93;15;12;0;0;15;12
22856;833;93;15;12;0;0;15;12
22857;850;93;15;12;0;0;15;12
22863;867;93;15;12;0;0;15;12
22865;884;93;15;12;0;0;15;12
22868;901;93;15;12;0;0;15;12
22885;918;93;15;12;0;0;15;12
22888;935;93;15;12;0;0;15;12
22890;952;93;15;12;0;0;15;12
22894;969;93;15;12;0;0;15;12
22899;986;93;15;12;0;0;15;12
22900;1003;93;15;12;0;0;15;12
22909;1020;93;15;12;0;0;15;12
22914;1037;93;15;12;0;0;15;12
22915;1054;93;15;12;0;0;15;12
22916;1071;93;15;12;0;0;15;12
22922;1088;93;15;12;0;0;15;12
22934;1105;93;15;12;0;0;15;12
22937;1122;93;15;12;0;0;15;12
22949;1139;93;15;12;0;0;15;12
22952;1156;93;15;12;0;0;15;12
22956;1173;93;15;12;0;0;15;12
22969;1190;93;15;12;0;0;15;12
22971;1207;93;15;12;0;0;15;12
22985;1224;93;15;12;0;0;15;12
22987;1241;93;15;12;0;0;15;12
22995;1258;93;15;12;0;0;15;12
22996;1275;93;15;12;0;0;15;12
23019;1292;93;15;12;0;0;15;12
23035;1309;93;15;12;0;0;15;12
23039;1326;93;15;12;0;0;15;12
23041;1343;93;15;12;0;0;15;12
23064;1360;93;15;12;0;0;15;12
23072;1377;93;15;12;0;0;15;12
23087;1394;93;15;12;0;0;15;12
23110;1411;93;15;12;0;0;15;12
23130;1428;93;15;12;0;0;15;12
23142;1445;93;15;12;0;0;15;12
23167;1462;93;15;12;0;0;15;12
23186;1479;93;15;12;0;0;15;12
23195;1496;93;15;12;0;0;15;12
23233;1513;93;15;12;0;0;15;12
23241;1530;93;15;12;0;0;15;12
23244;1547;93;15;12;0;0;15;12
23265;1564;93;15;12;0;0;15;12
23330;1581;93;15;12;0;0;15;12
23376;1598;93;15;12;0;0;15;12
23380;1615;93;15;12;0;0;15;12
23383;1632;93;15;12;0;0;15;12
23384;1649;93;15;12;0;0;15;12
23389;1666;93;15;12;0;0;15;12
23395;1683;93;15;12;0;0;15;12
23396;1700;93;15;12;0;0;15;12
23398;1717;93;15;12;0;0;15;12
23403;1734;93;15;12;0;0;15;12
23429;1751;93;15;12;0;0;15;12
23431;1768;93;15;12;0;0;15;12
23432;1785;93;15;12;0;0;15;12
23433;1802;93;15;12;0;0;15;12
23436;1819;93;15;12;0;0;15;12
23447;1836;93;15;12;0;0;15;12
23448;1853;93;15;12;0;0;15;12
23449;1870;93;15;12;0;0;15;12
23450;1887;93;15;12;0;0;15;12
23451;1904;93;15;12;0;0;15;12
23452;1921;93;15;12;0;0;15;12
23453;1938;93;15;12;0;0;15;12
23455;1955;93;15;12;0;0;15;12
23458;1972;93;15;12;0;0;15;12
23459;1989;93;15;12;0;0;15;12
23460;2006;93;15;12;0;0;15;12
23470;2023;93;15;12;0;0;15;12
23472;0;108;15;12;0;0;15;12
23475;17;108;15;12;0;0;15;12
23476;34;108;15;12;0;0;15;12
23477;51;108;15;12;0;0;15;12
23478;68;108;15;12;0;0;15;12
23481;85;108;15;12;0;0;15;12
23487;102;108;15;12;0;0;15;12
23490;119;108;15;12;0;0;15;12
23492;136;108;15;12;0;0;15;12
23494;153;108;15;12;0;0;15;12
23500;170;108;15;12;0;0;15;12
23506;187;108;15;12;0;0;15;12
23515;204;108;15;12;0;0;15;12
23517;221;108;15;12;0;0;15;12
23519;238;108;15;12;0;0;15;12
23521;255;108;15;12;0;0;15;12
23527;272;108;15;12;0;0;15;12
23529;289;108;15;12;0;0;15;12
23534;306;108;15;12;0;0;15;12
23544;323;108;15;12;0;0;15;12
23546;340;108;15;12;0;0;15;12
23550;357;108;15;12;0;0;15;12
23551;374;108;15;12;0;0;15;12
23553;391;108;15;12;0;0;15;12
23554;408;108;15;12;0;0;15;12
23556;425;108;15;12;0;0;15;12
23558;442;108;15;12;0;0;15;12
23561;459;108;15;12;0;0;15;12
23562;476;108;15;12;0;0;15;12
23563;493;108;15;12;0;0;15;12
23566;510;108;15;12;0;0;15;12
23567;527;108;15;12;0;0;15;12
23569;544;108;15;12;0;0;15;12
23578;561;108;15;12;0;0;15;12
23601;578;108;15;12;0;0;15;12
23610;595;108;15;12;0;0;15;12
23611;612;108;15;12;0;0;15;12
23612;629;108;15;12;0;0;15;12
23613;646;108;15;12;0;0;15;12
23614;663;108;15;12;0;0;15;12
23615;680;108;15;12;0;0;15;12
23616;697;108;15;12;0;0;15;12
23621;714;108;15;12;0;0;15;12
23624;731;108;15;12;0;0;15;12
23626;748;108;15;12;0;0;15;12
23627;765;108;15;12;0;0;15;12
23637;782;108;15;12;0;0;15;12
23646;799;108;15;12;0;0;15;12
23652;816;108;15;12;0;0;15;12
23653;833;108;15;12;0;0;15;12
23663;850;108;15;12;0;0;15;12
23665;867;108;15;12;0;0;15;12
23696;884;108;15;12;0;0;15;12
23713;901;108;15;12;0;0;15;12
23721;918;108;15;12;0;0;15;12
23724;935;108;15;12;0;0;15;12
23731;952;108;15;12;0;0;15;12
23736;969;108;15;12;0;0;15;12
23776;986;108;15;12;0;0;15;12
23777;1003;108;15;12;0;0;15;12
23792;1020;108;15;12;0;0;15;12
23798;1037;108;15;12;0;0;15;12
23815;1054;108;15;12;0;0;15;12
23822;1071;108;15;12;0;0;15;12
23830;1088;108;15;12;0;0;15;12
23849;1105;108;15;12;0;0;15;12
23888;1122;108;15;12;0;0;15;12
24029;1139;108;15;12;0;0;15;12
24030;1156;108;15;12;0;0;15;12
24033;1173;108;15;12;0;0;15;12
24035;1190;108;15;12;0;0;15;12
24037;1207;108;15;12;0;0;15;12
24038;1224;108;15;12;0;0;15;12
24039;1241;108;15;12;0;0;15;12
24040;1258;108;15;12;0;0;15;12
24046;1275;108;15;12;0;0;15;12
24049;1292;108;15;12;0;0;15;12
24059;1309;108;15;12;0;0;15;12
24062;1326;108;15;12;0;0;15;12
24066;1343;108;15;12;0;0;15;12
24067;1360;108;15;12;0;0;15;12
24070;1377;108;15;12;0;0;15;12
24076;1394;108;15;12;0;0;15;12
24093;1411;108;15;12;0;0;15;12
24101;1428;108;15;12;0;0;15;12
24107;1445;108;15;12;0;0;15;12
24109;1462;108;15;12;0;0;15;12
24111;1479;108;15;12;0;0;15;12
24112;1496;108;15;12;0;0;15;12
24115;1513;108;15;12;0;0;15;12
24120;1530;108;15;12;0;0;15;12
24125;1547;108;15;12;0;0;15;12
24133;1564;108;15;12;0;0;15;12
24149;1581;108;15;12;0;0;15;12
24163;1598;108;15;12;0;0;15;12
24178;1615;108;15;12;0;0;15;12
24179;1632;108;15;12;0;0;15;12
24180;1649;108;15;12;0;0;15;12
24184;1666;108;15;12;0;0;15;12
24185;1683;108;15;12;0;0;15;12
24187;1700;108;15;12;0;0;15;12
24188;1717;108;15;12;0;0;15;12
24189;1734;108;15;12;0;0;15;12
24190;1751;108;15;12;0;0;15;12
24193;1768;108;15;12;0;0;15;12
24195;1785;108;15;12;0;0;15;12
24202;1802;108;15;12;0;0;15;12
24207;1819;108;15;12;0;0;15;12
24213;1836;108;15;12;0;0;15;12
24215;1853;108;15;12;0;0;15;12
24220;1870;108;15;12;0;0;15;12
24230;1887;108;15;12;0;0;15;12
24231;1904;108;15;12;0;0;15;12
24235;1921;108;15;12;0;0;15;12
24237;1938;108;15;12;0;0;15;12
24246;1955;108;15;12;0;0;15;12
24247;1972;108;15;12;0;0;15;12
24248;1989;108;15;12;0;0;15;12
24259;2006;108;15;12;0;0;15;12
24265;2023;108;15;12;0;0;15;12
24266;0;123;15;12;0;0;15;12
24310;17;123;15;12;0;0;15;12
24311;34;123;15;12;0;0;15;12
24314;51;123;15;12;0;0;15;12
24321;68;123;15;12;0;0;15;12
24324;85;123;15;12;0;0;15;12
24330;102;123;15;12;0;0;15;12
24335;119;123;15;12;0;0;15;12
24336;136;123;15;12;0;0;15;12
24339;153;123;15;12;0;0;15;12
24340;170;123;15;12;0;0;15;12
24341;187;123;15;12;0;0;15;12
24351;204;123;15;12;0;0;15;12
24357;221;123;15;12;0;0;15;12
24358;238;123;15;12;0;0;15;12
24359;255;123;15;12;0;0;15;12
24369;272;123;15;12;0;0;15;12
24373;289;123;15;12;0;0;15;12
24375;306;123;15;12;0;0;15;12
24382;323;123;15;12;0;0;15;12
24403;340;123;15;12;0;0;15;12
24409;357;123;15;12;0;0;15;12
24418;374;123;15;12;0;0;15;12
24425;391;123;15;12;0;0;15;12
24427;408;123;15;12;0;0;15;12
24432;425;123;15;12;0;0;15;12
24433;442;123;15;12;0;0;15;12
24441;459;123;15;12;0;0;15;12
24444;476;123;15;12;0;0;15;12
24448;493;123;15;12;0;0;15;12
24449;510;123;15;12;0;0;15;12
24452;527;123;15;12;0;0;15;12
24453;544;123;15;12;0;0;15;12
24459;561;123;15;12;0;0;15;12
24460;578;123;15;12;0;0;15;12
24464;595;123;15;12;0;0;15;12
24466;612;123;15;12;0;0;15;12
24467;629;123;15;12;0;0;15;12
24471;646;123;15;12;0;0;15;12
24481;663;123;15;12;0;0;15;12
24489;680;123;15;12;0;0;15;12
24490;697;123;15;12;0;0;15;12
24494;714;123;15;12;0;0;15;12
24499;731;123;15;12;0;0;15;12
24500;748;123;15;12;0;0;15;12
24505;765;123;15;12;0;0;15;12
24515;782;123;15;12;0;0;15;12
24517;799;123;15;12;0;0;15;12
24524;816;123;15;12;0;0;15;12
24525;833;123;15;12;0;0;15;12
24535;850;123;15;12;0;0;15;12
24536;867;123;15;12;0;0;15;12
24537;884;123;15;12;0;0;15;12
24540;901;123;15;12;0;0;15;12
24544;918;123;15;12;0;0;15;12
24555;935;123;15;12;0;0;15;12
24565;952;123;15;12;0;0;15;12
24594;969;123;15;12;0;0;15;12
24598;986;123;15;12;0;0;15;12
24605;1003;123;15;12;0;0;15;12
24608;1020;123;15;12;0;0;15;12
24613;1037;123;15;12;0;0;15;12
24615;1054;123;15;12;0;0;15;12
24616;1071;123;15;12;0;0;15;12
24618;1088;123;15;12;0;0;15;12
24651;1105;123;15;12;0;0;15;12
24656;1122;123;15;12;0;0;15;12
24658;1139;123;15;12;0;0;15;12
24675;1156;123;15;12;0;0;15;12
24677;1173;123;15;12;0;0;15;12
24680;1190;123;15;12;0;0;15;12
24681;1207;123;15;12;0;0;15;12
24685;1224;123;15;12;0;0;15;12
24687;1241;123;15;12;0;0;15;12
24693;1258;123;15;12;0;0;15;12
24724;1275;123;15;12;0;0;15;12
24735;1292;123;15;12;0;0;15;12
24736;1309;123;15;12;0;0;15;12
24739;1326;123;15;12;0;0;15;12
24742;1343;123;15;12;0;0;15;12
24745;1360;123;15;12;0;0;15;12
24746;1377;123;15;12;0;0;15;12
24754;1394;123;15;12;0;0;15;12
24764;1411;123;15;12;0;0;15;12
24773;1428;123;15;12;0;0;15;12
24785;1445;123;15;12;0;0;15;12
24796;1462;123;15;12;0;0;15;12
24807;1479;123;15;12;0;0;15;12
24808;1496;123;15;12;0;0;15;12
24816;1513;123;15;12;0;0;15;12
24819;1530;123;15;12;0;0;15;12
24833;1547;123;15;12;0;0;15;12
24841;1564;123;15;12;0;0;15;12
24847;1581;123;15;12;0;0;15;12
24858;1598;123;15;12;0;0;15;12
24859;1615;123;15;12;0;0;15;12
24863;1632;123;15;12;0;0;15;12
24900;1649;123;15;12;0;0;15;12
24904;1666;123;15;12;0;0;15;12
24907;1683;123;15;12;0;0;15;12
24908;1700;123;15;12;0;0;15;12
24910;1717;123;15;12;0;0;15;12
24917;1734;123;15;12;0;0;15;12
24930;1751;123;15;12;0;0;15;12
24931;1768;123;15;12;0;0;15;12
24936;1785;123;15;12;0;0;15;12
24942;1802;123;15;12;0;0;15;12
24944;1819;123;15;12;0;0;15;12
24950;1836;123;15;12;0;0;15;12
24962;1853;123;15;12;0;0;15;12
24974;1870;123;15;12;0;0;15;12
24996;1887;123;15;12;0;0;15;12
24999;1904;123;15;12;0;0;15;12
25001;1921;123;15;12;0;0;15;12
25004;1938;123;15;12;0;0;15;12
25010;1955;123;15;12;0;0;15;12
25014;1972;123;15;12;0;0;15;12
25022;1989;123;15;12;0;0;15;12
25031;2006;123;15;12;0;0;15;12
25040;2023;123;15;12;0;0;15;12
25074;0;138;15;12;0;0;15;12
25080;17;138;15;12;0;0;15;12
25104;34;138;15;12;0;0;15;12
25105;51;138;15;12;0;0;15;12
25106;68;138;15;12;0;0;15;12
25114;85;138;15;12;0;0;15;12
25126;102;138;15;12;0;0;15;12
25135;119;138;15;12;0;0;15;12
25140;136;138;15;12;0;0;15;12
25144;153;138;15;12;0;0;15;12
25147;170;138;15;12;0;0;15;12
25151;187;138;15;12;0;0;15;12
25152;204;138;15;12;0;0;15;12
25159;221;138;15;12;0;0;15;12
25161;238;138;15;12;0;0;15;12
25163;255;138;15;12;0;0;15;12
25165;272;138;15;12;0;0;15;12
25171;289;138;15;12;0;0;15;12
25173;306;138;15;12;0;0;15;12
25201;323;138;15;12;0;0;15;12
25206;340;138;15;12;0;0;15;12
25209;357;138;15;12;0;0;15;12
25215;374;138;15;12;0;0;15;12
25216;391;138;15;12;0;0;15;12
25220;408;138;15;12;0;0;15;12
25226;425;138;15;12;0;0;15;12
25233;442;138;15;12;0;0;15;12
25237;459;138;15;12;0;0;15;12
25239;476;138;15;12;0;0;15;12
25240;493;138;15;12;0;0;15;12
25244;510;138;15;12;0;0;15;12
25246;527;138;15;12;0;0;15;12
25259;544;138;15;12;0;0;15;12
25265;561;138;15;12;0;0;15;12
25269;578;138;15;12;0;0;15;12
25273;595;138;15;12;0;0;15;12
25276;612;138;15;12;0;0;15;12
25277;629;138;15;12;0;0;15;12
25285;646;138;15;12;0;0;15;12
25289;663;138;15;12;0;0;15;12
25293;680;138;15;12;0;0;15;12
25296;697;138;15;12;0;0;15;12
25298;714;138;15;12;0;0;15;12
25299;731;138;15;12;0;0;15;12
25304;748;138;15;12;0;0;15;12
25305;765;138;15;12;0;0;15;12
25307;782;138;15;12;0;0;15;12
25309;799;138;15;12;0;0;15;12
25312;816;138;15;12;0;0;15;12
25313;833;138;15;12;0;0;15;12
25324;850;138;15;12;0;0;15;12
25325;867;138;15;12;0;0;15;12
25331;884;138;15;12;0;0;15;12
25334;901;138;15;12;0;0;15;12
25335;918;138;15;12;0;0;15;12
25342;935;138;15;12;0;0;15;12
25345;952;138;15;12;0;0;15;12
25351;969;138;15;12;0;0;15;12
25361;986;138;15;12;0;0;15;12
25369;1003;138;15;12;0;0;15;12
25375;1020;138;15;12;0;0;15;12
25384;1037;138;15;12;0;0;15;12
25387;1054;138;15;12;0;0;15;12
25391;1071;138;15;12;0;0;15;12
25407;1088;138;15;12;0;0;15;12
25417;1105;138;15;12;0;0;15;12
25429;1122;138;15;12;0;0;15;12
25431;1139;138;15;12;0;0;15;12
25436;1156;138;15;12;0;0;15;12
25448;1173;138;15;12;0;0;15;12
25454;1190;138;15;12;0;0;15;12
25467;1207;138;15;12;0;0;15;12
25475;1224;138;15;12;0;0;15;12
25480;1241;138;15;12;0;0;15;12
25484;1258;138;15;12;0;0;15;12
25490;1275;138;15;12;0;0;15;12
25496;1292;138;15;12;0;0;15;12
25499;1309;138;15;12;0;0;15;12
25505;1326;138;15;12;0;0;15;12
25506;1343;138;15;12;0;0;15;12
25509;1360;138;15;12;0;0;15;12
25511;1377;138;15;12;0;0;15;12
25512;1394;138;15;12;0;0;15;12
25514;1411;138;15;12;0;0;15;12
25522;1428;138;15;12;0;0;15;12
25551;1445;138;15;12;0;0;15;12
25552;1462;138;15;12;0;0;15;12
25562;1479;138;15;12;0;0;15;12
25563;1496;138;15;12;0;0;15;12
25569;1513;138;15;12;0;0;15;12
25582;1530;138;15;12;0;0;15;12
25588;1547;138;15;12;0;0;15;12
25594;1564;138;15;12;0;0;15;12
25613;1581;138;15;12;0;0;15;12
25644;1598;138;15;12;0;0;15;12
25645;1615;138;15;12;0;0;15;12
25658;1632;138;15;12;0;0;15;12
25662;1649;138;15;12;0;0;15;12
25666;1666;138;15;12;0;0;15;12
25688;1683;138;15;12;0;0;15;12
25705;1700;138;15;12;0;0;15;12
25711;1717;138;15;12;0;0;15;12
25731;1734;138;15;12;0;0;15;12
25764;1751;138;15;12;0;0;15;12
25774;1768;138;15;12;0;0;15;12
25778;1785;138;15;12;0;0;15;12
25793;1802;138;15;12;0;0;15;12
25805;1819;138;15;12;0;0;15;12
25830;1836;138;15;12;0;0;15;12
25836;1853;138;15;12;0;0;15;12
25903;1870;138;15;12;0;0;15;12
25913;1887;138;15;12;0;0;15;12
25915;1904;138;15;12;0;0;15;12
25918;1921;138;15;12;0;0;15;12
25919;1938;138;15;12;0;0;15;12
25925;1955;138;15;12;0;0;15;12
25935;1972;138;15;12;0;0;15;12
25937;1989;138;15;12;0;0;15;12
25943;2006;138;15;12;0;0;15;12
25945;2023;138;15;12;0;0;15;12
25954;0;153;15;12;0;0;15;12
25955;17;153;15;12;0;0;15;12
25964;34;153;15;12;0;0;15;12
25968;51;153;15;12;0;0;15;12
25972;68;153;15;12;0;0;15;12
25973;85;153;15;12;0;0;15;12
25975;102;153;15;12;0;0;15;12
25991;119;153;15;12;0;0;15;12
25993;136;153;15;12;0;0;15;12
25998;153;153;15;12;0;0;15;12
26001;170;153;15;12;0;0;15;12
26007;187;153;15;12;0;0;15;12
26009;204;153;15;12;0;0;15;12
26012;221;153;15;12;0;0;15;12
26020;238;153;15;12;0;0;15;12
26021;255;153;15;12;0;0;15;12
26028;272;153;15;12;0;0;15;12
26029;289;153;15;12;0;0;15;12
26032;306;153;15;12;0;0;15;12
26041;323;153;15;12;0;0;15;12
26045;340;153;15;12;0;0;15;12
26053;357;153;15;12;0;0;15;12
26059;374;153;15;12;0;0;15;12
26063;391;153;15;12;0;0;15;12
26071;408;153;15;12;0;0;15;12
26082;425;153;15;12;0;0;15;12
26085;442;153;15;12;0;0;15;12
26086;459;153;15;12;0;0;15;12
26087;476;153;15;12;0;0;15;12
26088;493;153;15;12;0;0;15;12
26089;510;153;15;12;0;0;15;12
26092;527;153;15;12;0;0;15;12
26106;544;153;15;12;0;0;15;12
26118;561;153;15;12;0;0;15;12
26119;578;153;15;12;0;0;15;12
26126;595;153;15;12;0;0;15;12
26131;612;153;15;12;0;0;15;12
26132;629;153;15;12;0;0;15;12
26143;646;153;15;12;0;0;15;12
26144;663;153;15;12;0;0;15;12
26149;680;153;15;12;0;0;15;12
26151;697;153;15;12;0;0;15;12
26152;714;153;15;12;0;0;15;12
26157;731;153;15;12;0;0;15;12
26159;748;153;15;12;0;0;15;12
26172;765;153;15;12;0;0;15;12
26178;782;153;15;12;0;0;15;12
26217;799;153;15;12;0;0;15;12
26222;816;153;15;12;0;0;15;12
26223;833;153;15;12;0;0;15;12
26228;850;153;15;12;0;0;15;12
26230;867;153;15;12;0;0;15;12
26241;884;153;15;12;0;0;15;12
26247;901;153;15;12;0;0;15;12
26257;918;153;15;12;0;0;15;12
26262;935;153;15;12;0;0;15;12
26263;952;153;15;12;0;0;15;12
26278;969;153;15;12;0;0;15;12
26283;986;153;15;12;0;0;15;12
26286;1003;153;15;12;0;0;15;12
26292;1020;153;15;12;0;0;15;12
26311;1037;153;15;12;0;0;15;12
26326;1054;153;15;12;0;0;15;12
26332;1071;153;15;12;0;0;15;12
26354;1088;153;15;12;0;0;15;12
26356;1105;153;15;12;0;0;15;12
26360;1122;153;15;12;0;0;15;12
26361;1139;153;15;12;0;0;15;12
26365;1156;153;15;12;0;0;15;12
26367;1173;153;15;12;0;0;15;12
26368;1190;153;15;12;0;0;15;12
26376;1207;153;15;12;0;0;15;12
26377;1224;153;15;12;0;0;15;12
26381;1241;153;15;12;0;0;15;12
26389;1258;153;15;12;0;0;15;12
26391;1275;153;15;12;0;0;15;12
26395;1292;153;15;12;0;0;15;12
26397;1309;153;15;12;0;0;15;12
26399;1326;153;15;12;0;0;15;12
26408;1343;153;15;12;0;0;15;12
26410;1360;153;15;12;0;0;15;12
26411;1377;153;15;12;0;0;15;12
26412;1394;153;15;12;0;0;15;12
26413;1411;153;15;12;0;0;15;12
26417;1428;153;15;12;0;0;15;12
26420;1445;153;15;12;0;0;15;12
26426;1462;153;15;12;0;0;15;12
26429;1479;153;15;12;0;0;15;12
26441;1496;153;15;12;0;0;15;12
26448;1513;153;15;12;0;0;15;12
26449;1530;153;15;12;0;0;15;12
26463;1547;153;15;12;0;0;15;12
26465;1564;153;15;12;0;0;15;12
26469;1581;153;15;12;0;0;15;12
26479;1598;153;15;12;0;0;15;12
26481;1615;153;15;12;0;0;15;12
26494;1632;153;15;12;0;0;15;12
26495;1649;153;15;12;0;0;15;12
26512;1666;153;15;12;0;0;15;12
26517;1683;153;15;12;0;0;15;12
26519;1700;153;15;12;0;0;15;12
26522;1717;153;15;12;0;0;15;12
26524;1734;153;15;12;0;0;15;12
26525;1751;153;15;12;0;0;15;12
26528;1768;153;15;12;0;0;15;12
26530;1785;153;15;12;0;0;15;12
26543;1802;153;15;12;0;0;15;12
26550;1819;153;15;12;0;0;15;12
26564;1836;153;15;12;0;0;15;12
26576;1853;153;15;12;0;0;15;12
26579;1870;153;15;12;0;0;15;12
26580;1887;153;15;12;0;0;15;12
26609;1904;153;15;12;0;0;15;12
26611;1921;153;15;12;0;0;15;12
26613;1938;153;15;12;0;0;15;12
26619;1955;153;15;12;0;0;15;12
26623;1972;153;15;12;0;0;15;12
26627;1989;153;15;12;0;0;15;12
26628;2006;153;15;12;0;0;15;12
26643;2023;153;15;12;0;0;15;12
26657;0;168;15;12;0;0;15;12
26666;17;168;15;12;0;0;15;12
26680;34;168;15;12;0;0;15;12
26681;51;168;15;12;0;0;15;12
26684;68;168;15;12;0;0;15;12
26685;85;168;15;12;0;0;15;12
26689;102;168;15;12;0;0;15;12
26691;119;168;15;12;0;0;15;12
26696;136;168;15;12;0;0;15;12
26705;153;168;15;12;0;0;15;12
26716;170;168;15;12;0;0;15;12
26719;187;168;15;12;0;0;15;12
26757;204;168;15;12;0;0;15;12
26775;221;168;15;12;0;0;15;12
26792;238;168;15;12;0;0;15;12
26800;255;168;15;12;0;0;15;12
26820;272;168;15;12;0;0;15;12
26827;289;168;15;12;0;0;15;12
26834;306;168;15;12;0;0;15;12
26842;323;168;15;12;0;0;15;12
26847;340;168;15;12;0;0;15;12
26862;357;168;15;12;0;0;15;12
26874;374;168;15;12;0;0;15;12
26885;391;168;15;12;0;0;15;12
26893;408;168;15;12;0;0;15;12
26894;425;168;15;12;0;0;15;12
26908;442;168;15;12;0;0;15;12
26989;459;168;15;12;0;0;15;12
26997;476;168;15;12;0;0;15;12
26999;493;168;15;12;0;0;15;12
27004;510;168;15;12;0;0;15;12
27005;527;168;15;12;0;0;15;12
27010;544;168;15;12;0;0;15;12
27083;561;168;15;12;0;0;15;12
27096;578;168;15;12;0;0;15;12
27133;595;168;15;12;0;0;15;12
27161;612;168;15;12;0;0;15;12
27169;629;168;15;12;0;0;15;12
27177;646;168;15;12;0;0;15;12
27178;663;168;15;12;0;0;15;12
27193;680;168;15;12;0;0;15;12
27211;697;168;15;12;0;0;15;12
27231;714;168;15;12;0;0;15;12
27396;731;168;15;12;0;0;15;12
27424;748;168;15;12;0;0;15;12
27425;765;168;15;12;0;0;15;12
27431;782;168;15;12;0;0;15;12
27442;799;168;15;12;0;0;15;12
27450;816;168;15;12;0;0;15;12
27454;833;168;15;12;0;0;15;12
27468;850;168;15;12;0;0;15;12
27475;867;168;15;12;0;0;15;12
27490;884;168;15;12;0;0;15;12
27491;901;168;15;12;0;0;15;12
27494;918;168;15;12;0;0;15;12
27497;935;168;15;12;0;0;15;12
27503;952;168;15;12;0;0;15;12
27507;969;168;15;12;0;0;15;12
27508;986;168;15;12;0;0;15;12
27515;1003;168;15;12;0;0;15;12
27529;1020;168;15;12;0;0;15;12
27530;1037;168;15;12;0;0;15;12
27531;1054;168;15;12;0;0;15;12
27542;1071;168;15;12;0;0;15;12
27572;1088;168;15;12;0;0;15;12
27573;1105;168;15;12;0;0;15;12
27578;1122;168;15;12;0;0;15;12
27579;1139;168;15;12;0;0;15;12
27583;1156;168;15;12;0;0;15;12
27584;1173;168;15;12;0;0;15;12
27597;1190;168;15;12;0;0;15;12
27598;1207;168;15;12;0;0;15;12
27602;1224;168;15;12;0;0;15;12
27604;1241;168;15;12;0;0;15;12
27611;1258;168;15;12;0;0;15;12
27663;1275;168;15;12;0;0;15;12
27665;1292;168;15;12;0;0;15;12
27671;1309;168;15;12;0;0;15;12
27700;1326;168;15;12;0;0;15;12
27703;1343;168;15;12;0;0;15;12
27704;1360;168;15;12;0;0;15;12
27710;1377;168;15;12;0;0;15;12
27713;1394;168;15;12;0;0;15;12
27714;1411;168;15;12;0;0;15;12
27726;1428;168;15;12;0;0;15;12
27735;1445;168;15;12;0;0;15;12
27738;1462;168;15;12;0;0;15;12
27743;1479;168;15;12;0;0;15;12
27744;1496;168;15;12;0;0;15;12
27760;1513;168;15;12;0;0;15;12
27770;1530;168;15;12;0;0;15;12
27773;1547;168;15;12;0;0;15;12
27779;1564;168;15;12;0;0;15;12
27784;1581;168;15;12;0;0;15;12
27798;1598;168;15;12;0;0;15;12
27801;1615;168;15;12;0;0;15;12
27809;1632;168;15;12;0;0;15;12
27810;1649;168;15;12;0;0;15;12
27827;1666;168;15;12;0;0;15;12
27832;1683;168;15;12;0;0;15;12
27833;1700;168;15;12;0;0;15;12
27835;1717;168;15;12;0;0;15;12
27836;1734;168;15;12;0;0;15;12
27839;1751;168;15;12;0;0;15;12
27841;1768;168;15;12;0;0;15;12
27849;1785;168;15;12;0;0;15;12
27850;1802;168;15;12;0;0;15;12
27852;1819;168;15;12;0;0;15;12
27861;1836;168;15;12;0;0;15;12
27873;1853;168;15;12;0;0;15;12
27874;1870;168;15;12;0;0;15;12
27875;1887;168;15;12;0;0;15;12
27877;1904;168;15;12;0;0;15;12
27880;1921;168;15;12;0;0;15;12
27888;1938;168;15;12;0;0;15;12
27891;1955;168;15;12;0;0;15;12
27915;1972;168;15;12;0;0;15;12
27927;1989;168;15;12;0;0;15;12
27934;2006;168;15;12;0;0;15;12
27941;2023;168;15;12;0;0;15;12
27946;0;183;15;12;0;0;15;12
27963;17;183;15;12;0;0;15;12
27966;34;183;15;12;0;0;15;12
27969;51;183;15;12;0;0;15;12
27972;68;183;15;12;0;0;15;12
27973;85;183;15;12;0;0;15;12
27996;102;183;15;12;0;0;15;12
28006;119;183;15;12;0;0;15;12
28010;136;183;15;12;0;0;15;12
28014;153;183;15;12;0;0;15;12
28020;170;183;15;12;0;0;15;12
28023;187;183;15;12;0;0;15;12
28024;204;183;15;12;0;0;15;12
28040;221;183;15;12;0;0;15;12
28057;238;183;15;12;0;0;15;12
28079;255;183;15;12;0;0;15;12
28082;272;183;15;12;0;0;15;12
28092;289;183;15;12;0;0;15;12
28113;306;183;15;12;0;0;15;12
28129;323;183;15;12;0;0;15;12
28139;340;183;15;12;0;0;15;12
28145;357;183;15;12;0;0;15;12
28151;374;183;15;12;0;0;15;12
28155;391;183;15;12;0;0;15;12
28165;408;183;15;12;0;0;15;12
28167;425;183;15;12;0;0;15;12
28168;442;183;15;12;0;0;15;12
28169;459;183;15;12;0;0;15;12
28171;476;183;15;12;0;0;15;12
28179;493;183;15;12;0;0;15;12
28187;510;183;15;12;0;0;15;12
28193;527;183;15;12;0;0;15;12
28198;544;183;15;12;0;0;15;12
28201;561;183;15;12;0;0;15;12
28204;578;183;15;12;0;0;15;12
28207;595;183;15;12;0;0;15;12
28246;612;183;15;12;0;0;15;12
28263;629;183;15;12;0;0;15;12
28271;646;183;15;12;0;0;15;12
28286;663;183;15;12;0;0;15;12
28287;680;183;15;12;0;0;15;12
28288;697;183;15;12;0;0;15;12
28304;714;183;15;12;0;0;15;12
28310;731;183;15;12;0;0;15;12
28317;748;183;15;12;0;0;15;12
28342;765;183;15;12;0;0;15;12
28346;782;183;15;12;0;0;15;12
28357;799;183;15;12;0;0;15;12
28363;816;183;15;12;0;0;15;12
28369;833;183;15;12;0;0;15;12
28381;850;183;15;12;0;0;15;12
28382;867;183;15;12;0;0;15;12
28404;884;183;15;12;0;0;15;12
28417;901;183;15;12;0;0;15;12
28418;918;183;15;12;0;0;15;12
28422;935;183;15;12;0;0;15;12
28431;952;183;15;12;0;0;15;12
28436;969;183;15;12;0;0;15;12
28448;986;183;15;12;0;0;15;12
28450;1003;183;15;12;0;0;15;12
28459;1020;183;15;12;0;0;15;12
28460;1037;183;15;12;0;0;15;12
28472;1054;183;15;12;0;0;15;12
28500;1071;183;15;12;0;0;15;12
28508;1088;183;15;12;0;0;15;12
28511;1105;183;15;12;0;0;15;12
28516;1122;183;15;12;0;0;15;12
28526;1139;183;15;12;0;0;15;12
28528;1156;183;15;12;0;0;15;12
28548;1173;183;15;12;0;0;15;12
28608;1190;183;15;12;0;0;15;12
28609;1207;183;15;12;0;0;15;12
28611;1224;183;15;12;0;0;15;12
28651;1241;183;15;12;0;0;15;12
28655;1258;183;15;12;0;0;15;12
28716;1275;183;15;12;0;0;15;12
28779;1292;183;15;12;0;0;15;12
28783;1309;183;15;12;0;0;15;12
28784;1326;183;15;12;0;0;15;12
28797;1343;183;15;12;0;0;15;12
28809;1360;183;15;12;0;0;15;12
28810;1377;183;15;12;0;0;15;12
28814;1394;183;15;12;0;0;15;12
28845;1411;183;15;12;0;0;15;12
28857;1428;183;15;12;0;0;15;12
28858;1445;183;15;12;0;0;15;12
28872;1462;183;15;12;0;0;15;12
28961;1479;183;15;12;0;0;15;12
28966;1496;183;15;12;0;0;15;12
28982;1513;183;15;12;0;0;15;12
28988;1530;183;15;12;0;0;15;12
29006;1547;183;15;12;0;0;15;12
29017;1564;183;15;12;0;0;15;12
29031;1581;183;15;12;0;0;15;12
29033;1598;183;15;12;0;0;15;12
29038;1615;183;15;12;0;0;15;12
29066;1632;183;15;12;0;0;15;12
29087;1649;183;15;12;0;0;15;12
29105;1666;183;15;12;0;0;15;12
29123;1683;183;15;12;0;0;15;12
29157;1700;183;15;12;0;0;15;12
29190;1717;183;15;12;0;0;15;12
29226;1734;183;15;12;0;0;15;12
29237;1751;183;15;12;0;0;15;12
29238;1768;183;15;12;0;0;15;12
29245;1785;183;15;12;0;0;15;12
29255;1802;183;15;12;0;0;15;12
29256;1819;183;15;12;0;0;15;12
29273;1836;183;15;12;0;0;15;12
29275;1853;183;15;12;0;0;15;12
29287;1870;183;15;12;0;0;15;12
29289;1887;183;15;12;0;0;15;12
29298;1904;183;15;12;0;0;15;12
29305;1921;183;15;12;0;0;15;12
29344;1938;183;15;12;0;0;15;12
29356;1955;183;15;12;0;0;15;12
29359;1972;183;15;12;0;0;15;12
29366;1989;183;15;12;0;0;15;12
29378;2006;183;15;12;0;0;15;12
29401;2023;183;15;12;0;0;15;12
29417;0;198;15;12;0;0;15;12
29420;17;198;15;12;0;0;15;12
29421;34;198;15;12;0;0;15;12
29467;51;198;15;12;0;0;15;12
29471;68;198;15;12;0;0;15;12
29483;85;198;15;12;0;0;15;12
29486;102;198;15;12;0;0;15;12
29494;119;198;15;12;0;0;15;12
29503;136;198;15;12;0;0;15;12
29508;153;198;15;12;0;0;15;12
29539;170;198;15;12;0;0;15;12
29554;187;198;15;12;0;0;15;12
29572;204;198;15;12;0;0;15;12
29575;221;198;15;12;0;0;15;12
29577;238;198;15;12;0;0;15;12
29579;255;198;15;12;0;0;15;12
29609;272;198;15;12;0;0;15;12
29645;289;198;15;12;0;0;15;12
29664;306;198;15;12;0;0;15;12
29677;323;198;15;12;0;0;15;12
29694;340;198;15;12;0;0;15;12
29699;357;198;15;12;0;0;15;12
29702;374;198;15;12;0;0;15;12
29748;391;198;15;12;0;0;15;12
29792;408;198;15;12;0;0;15;12
29827;425;198;15;12;0;0;15;12
29863;442;198;15;12;0;0;15;12
29872;459;198;15;12;0;0;15;12
29885;476;198;15;12;0;0;15;12
29926;493;198;15;12;0;0;15;12
29942;510;198;15;12;0;0;15;12
29976;527;198;15;12;0;0;15;12
29978;544;198;15;12;0;0;15;12
29983;561;198;15;12;0;0;15;12
29987;578;198;15;12;0;0;15;12
29992;595;198;15;12;0;0;15;12
30000;612;198;15;12;0;0;15;12
30001;629;198;15;12;0;0;15;12
30002;646;198;15;12;0;0;15;12
30003;663;198;15;12;0;0;15;12
30007;680;198;15;12;0;0;15;12
30010;697;198;15;12;0;0;15;12
30011;714;198;15;12;0;0;15;12
30028;731;198;15;12;0;0;15;12
30031;748;198;15;12;0;0;15;12
30033;765;198;15;12;0;0;15;12
30036;782;198;15;12;0;0;15;12
30041;799;198;15;12;0;0;15;12
30044;816;198;15;12;0;0;15;12
30045;833;198;15;12;0;0;15;12
30053;850;198;15;12;0;0;15;12
30058;867;198;15;12;0;0;15;12
30064;884;198;15;12;0;0;15;12
30067;901;198;15;12;0;0;15;12
30079;918;198;15;12;0;0;15;12
30094;935;198;15;12;0;0;15;12
30097;952;198;15;12;0;0;15;12
30123;969;198;15;12;0;0;15;12
30130;986;198;15;12;0;0;15;12
30142;1003;198;15;12;0;0;15;12
30149;1020;198;15;12;0;0;15;12
30151;1037;198;15;12;0;0;15;12
30165;1054;198;15;12;0;0;15;12
30168;1071;198;15;12;0;0;15;12
30171;1088;198;15;12;0;0;15;12
30178;1105;198;15;12;0;0;15;12
30185;1122;198;15;12;0;0;15;12
30196;1139;198;15;12;0;0;15;12
30221;1156;198;15;12;0;0;15;12
30274;1173;198;15;12;0;0;15;12
30290;1190;198;15;12;0;0;15;12
30294;1207;198;15;12;0;0;15;12
30330;1224;198;15;12;0;0;15;12
30331;1241;198;15;12;0;0;15;12
30333;1258;198;15;12;0;0;15;12
30334;1275;198;15;12;0;0;15;12
30340;1292;198;15;12;0;0;15;12
30342;1309;198;15;12;0;0;15;12
30343;1326;198;15;12;0;0;15;12
30382;1343;198;15;12;0;0;15;12
30399;1360;198;15;12;0;0;15;12
30406;1377;198;15;12;0;0;15;12
30410;1394;198;15;12;0;0;15;12
30423;1411;198;15;12;0;0;15;12
30427;1428;198;15;12;0;0;15;12
30431;1445;198;15;12;0;0;15;12
30435;1462;198;15;12;0;0;15;12
30436;1479;198;15;12;0;0;15;12
30446;1496;198;15;12;0;0;15;12
30450;1513;198;15;12;0;0;15;12
30452;1530;198;15;12;0;0;15;12
30456;1547;198;15;12;0;0;15;12
30462;1564;198;15;12;0;0;15;12
30465;1581;198;15;12;0;0;15;12
30473;1598;198;15;12;0;0;15;12
30475;1615;198;15;12;0;0;15;12
30476;1632;198;15;12;0;0;15;12
30495;1649;198;15;12;0;0;15;12
30496;1666;198;15;12;0;0;15;12
30522;1683;198;15;12;0;0;15;12
30524;1700;198;15;12;0;0;15;12
30528;1717;198;15;12;0;0;15;12
30561;1734;198;15;12;0;0;15;12
30563;1751;198;15;12;0;0;15;12
30566;1768;198;15;12;0;0;15;12
30636;1785;198;15;12;0;0;15;12
30637;1802;198;15;12;0;0;15;12
30643;1819;198;15;12;0;0;15;12
30683;1836;198;15;12;0;0;15;12
30690;1853;198;15;12;0;0;15;12
30693;1870;198;15;12;0;0;15;12
30701;1887;198;15;12;0;0;15;12
30703;1904;198;15;12;0;0;15;12
30707;1921;198;15;12;0;0;15;12
30722;1938;198;15;12;0;0;15;12
30740;1955;198;15;12;0;0;15;12
30741;1972;198;15;12;0;0;15;12
30770;1989;198;15;12;0;0;15;12
30772;2006;198;15;12;0;0;15;12
30813;2023;198;15;12;0;0;15;12
30827;0;213;15;12;0;0;15;12
30828;17;213;15;12;0;0;15;12
30849;34;213;15;12;0;0;15;12
30865;51;213;15;12;0;0;15;12
30906;68;213;15;12;0;0;15;12
30913;85;213;15;12;0;0;15;12
30952;102;213;15;12;0;0;15;12
30977;119;213;15;12;0;0;15;12
30990;136;213;15;12;0;0;15;12
31034;153;213;15;12;0;0;15;12
31036;170;213;15;12;0;0;15;12
31038;187;213;15;12;0;0;15;12
31048;204;213;15;12;0;0;15;12
31049;221;213;15;12;0;0;15;12
31062;238;213;15;12;0;0;15;12
31069;255;213;15;12;0;0;15;12
31070;272;213;15;12;0;0;15;12
31077;289;213;15;12;0;0;15;12
31080;306;213;15;12;0;0;15;12
31085;323;213;15;12;0;0;15;12
31105;340;213;15;12;0;0;15;12
31109;357;213;15;12;0;0;15;12
31117;374;213;15;12;0;0;15;12
31119;391;213;15;12;0;0;15;12
31168;408;213;15;12;0;0;15;12
31169;425;213;15;12;0;0;15;12
31179;442;213;15;12;0;0;15;12
31185;459;213;15;12;0;0;15;12
31186;476;213;15;12;0;0;15;12
31192;493;213;15;12;0;0;15;12
31199;510;213;15;12;0;0;15;12
31209;527;213;15;12;0;0;15;12
31216;544;213;15;12;0;0;15;12
31227;561;213;15;12;0;0;15;12
31243;578;213;15;12;0;0;15;12
31246;595;213;15;12;0;0;15;12
31258;612;213;15;12;0;0;15;12
31278;629;213;15;12;0;0;15;12
31282;646;213;15;12;0;0;15;12
31292;663;213;15;12;0;0;15;12
31293;680;213;15;12;0;0;15;12
31295;697;213;15;12;0;0;15;12
31296;714;213;15;12;0;0;15;12
31298;731;213;15;12;0;0;15;12
31309;748;213;15;12;0;0;15;12
31311;765;213;15;12;0;0;15;12
31339;782;213;15;12;0;0;15;12
31348;799;213;15;12;0;0;15;12
31350;816;213;15;12;0;0;15;12
31354;833;213;15;12;0;0;15;12
31361;850;213;15;12;0;0;15;12
31363;867;213;15;12;0;0;15;12
31378;884;213;15;12;0;0;15;12
31379;901;213;15;12;0;0;15;12
31391;918;213;15;12;0;0;15;12
31406;935;213;15;12;0;0;15;12
31407;952;213;15;12;0;0;15;12
31435;969;213;15;12;0;0;15;12
31452;986;213;15;12;0;0;15;12
31456;1003;213;15;12;0;0;15;12
31461;1020;213;15;12;0;0;15;12
31471;1037;213;15;12;0;0;15;12
31478;1054;213;15;12;0;0;15;12
31481;1071;213;15;12;0;0;15;12
31505;1088;213;15;12;0;0;15;12
31515;1105;213;15;12;0;0;15;12
31526;1122;213;15;12;0;0;15;12
31532;1139;213;15;12;0;0;15;12
31558;1156;213;15;12;0;0;15;12
31561;1173;213;15;12;0;0;15;12
31563;1190;213;15;12;0;0;15;12
31570;1207;213;15;12;0;0;15;12
31572;1224;213;15;12;0;0;15;12
31574;1241;213;15;12;0;0;15;12
31623;1258;213;15;12;0;0;15;12
31627;1275;213;15;12;0;0;15;12
31639;1292;213;15;12;0;0;15;12
31649;1309;213;15;12;0;0;15;12
31665;1326;213;15;12;0;0;15;12
31672;1343;213;15;12;0;0;15;12
31680;1360;213;15;12;0;0;15;12
31684;1377;213;15;12;0;0;15;12
31689;1394;213;15;12;0;0;15;12
31716;1411;213;15;12;0;0;15;12
31777;1428;213;15;12;0;0;15;12
31807;1445;213;15;12;0;0;15;12
31821;1462;213;15;12;0;0;15;12
31840;1479;213;15;12;0;0;15;12
31859;1496;213;15;12;0;0;15;12
31881;1513;213;15;12;0;0;15;12
31883;1530;213;15;12;0;0;15;12
31890;1547;213;15;12;0;0;15;12
31895;1564;213;15;12;0;0;15;12
31896;1581;213;15;12;0;0;15;12
31899;1598;213;15;12;0;0;15;12
31911;1615;213;15;12;0;0;15;12
31934;1632;213;15;12;0;0;15;12
31958;1649;213;15;12;0;0;15;12
31975;1666;213;15;12;0;0;15;12
31992;1683;213;15;12;0;0;15;12
31995;1700;213;15;12;0;0;15;12
31998;1717;213;15;12;0;0;15;12
32000;1734;213;15;12;0;0;15;12
32004;1751;213;15;12;0;0;15;12
32005;1768;213;15;12;0;0;15;12
32011;1785;213;15;12;0;0;15;12
32013;1802;213;15;12;0;0;15;12
32020;1819;213;15;12;0;0;15;12
32025;1836;213;15;12;0;0;15;12
32026;1853;213;15;12;0;0;15;12
32027;1870;213;15;12;0;0;15;12
32032;1887;213;15;12;0;0;15;12
32033;1904;213;15;12;0;0;15;12
32034;1921;213;15;12;0;0;15;12
32043;1938;213;15;12;0;0;15;12
32047;1955;213;15;12;0;0;15;12
32048;1972;213;15;12;0;0;15;12
32051;1989;213;15;12;0;0;15;12
32057;2006;213;15;12;0;0;15;12
32058;2023;213;15;12;0;0;15;12
32066;0;228;15;12;0;0;15;12
32068;17;228;15;12;0;0;15;12
32076;34;228;15;12;0;0;15;12
32080;51;228;15;12;0;0;15;12
32094;68;228;15;12;0;0;15;12
32097;85;228;15;12;0;0;15;12
32102;102;228;15;12;0;0;15;12
32113;119;228;15;12;0;0;15;12
32117;136;228;15;12;0;0;15;12
32118;153;228;15;12;0;0;15;12
32121;170;228;15;12;0;0;15;12
32153;187;228;15;12;0;0;15;12
32154;204;228;15;12;0;0;15;12
32173;221;228;15;12;0;0;15;12
32177;238;228;15;12;0;0;15;12
32178;255;228;15;12;0;0;15;12
32187;272;228;15;12;0;0;15;12
32191;289;228;15;12;0;0;15;12
32202;306;228;15;12;0;0;15;12
32207;323;228;15;12;0;0;15;12
32209;340;228;15;12;0;0;15;12
32210;357;228;15;12;0;0;15;12
32218;374;228;15;12;0;0;15;12
32224;391;228;15;12;0;0;15;12
32232;408;228;15;12;0;0;15;12
32233;425;228;15;12;0;0;15;12
32239;442;228;15;12;0;0;15;12
32244;459;228;15;12;0;0;15;12
32251;476;228;15;12;0;0;15;12
32257;493;228;15;12;0;0;15;12
32260;510;228;15;12;0;0;15;12
32283;527;228;15;12;0;0;15;12
32294;544;228;15;12;0;0;15;12
32299;561;228;15;12;0;0;15;12
32302;578;228;15;12;0;0;15;12
32318;595;228;15;12;0;0;15;12
32321;612;228;15;12;0;0;15;12
32330;629;228;15;12;0;0;15;12
32340;646;228;15;12;0;0;15;12
32341;663;228;15;12;0;0;15;12
32365;680;228;15;12;0;0;15;12
32368;697;228;15;12;0;0;15;12
32566;714;228;15;12;0;0;15;12
32618;731;228;15;12;0;0;15;12
32622;748;228;15;12;0;0;15;12
32624;765;228;15;12;0;0;15;12
32626;782;228;15;12;0;0;15;12
32629;799;228;15;12;0;0;15;12
32631;816;228;15;12;0;0;15;12
32645;833;228;15;12;0;0;15;12
32650;850;228;15;12;0;0;15;12
32654;867;228;15;12;0;0;15;12
32670;884;228;15;12;0;0;15;12
32676;901;228;15;12;0;0;15;12
32680;918;228;15;12;0;0;15;12
32681;935;228;15;12;0;0;15;12
32701;952;228;15;12;0;0;15;12
32705;969;228;15;12;0;0;15;12
32716;986;228;15;12;0;0;15;12
32722;1003;228;15;12;0;0;15;12
32763;1020;228;15;12;0;0;15;12
32764;1037;228;15;12;0;0;15;12
32769;1054;228;15;12;0;0;15;12
32771;1071;228;15;12;0;0;15;12
32773;1088;228;15;12;0;0;15;12
32784;1105;228;15;12;0;0;15;12
32789;1122;228;15;12;0;0;15;12
32791;1139;228;15;12;0;0;15;12
32819;1156;228;15;12;0;0;15;12
32854;1173;228;15;12;0;0;15;12
32862;1190;228;15;12;0;0;15;12
32884;1207;228;15;12;0;0;15;12
32887;1224;228;15;12;0;0;15;12
32905;1241;228;15;12;0;0;15;12
32908;1258;228;15;12;0;0;15;12
32918;1275;228;15;12;0;0;15;12
32920;1292;228;15;12;0;0;15;12
32925;1309;228;15;12;0;0;15;12
32929;1326;228;15;12;0;0;15;12
32930;1343;228;15;12;0;0;15;12
32933;1360;228;15;12;0;0;15;12
32937;1377;228;15;12;0;0;15;12
32938;1394;228;15;12;0;0;15;12
32943;1411;228;15;12;0;0;15;12
32946;1428;228;15;12;0;0;15;12
32954;1445;228;15;12;0;0;15;12
32963;1462;228;15;12;0;0;15;12
32966;1479;228;15;12;0;0;15;12
32972;1496;228;15;12;0;0;15;12
32974;1513;228;15;12;0;0;15;12
32990;1530;228;15;12;0;0;15;12
33012;1547;228;15;12;0;0;15;12
33016;1564;228;15;12;0;0;15;12
33021;1581;228;15;12;0;0;15;12
33026;1598;228;15;12;0;0;15;12
33029;1615;228;15;12;0;0;15;12
33031;1632;228;15;12;0;0;15;12
33032;1649;228;15;12;0;0;15;12
33034;1666;228;15;12;0;0;15;12
33050;1683;228;15;12;0;0;15;12
33073;1700;228;15;12;0;0;15;12
33075;1717;228;15;12;0;0;15;12
33102;1734;228;15;12;0;0;15;12
33104;1751;228;15;12;0;0;15;12
33109;1768;228;15;12;0;0;15;12
33131;1785;228;15;12;0;0;15;12
33136;1802;228;15;12;0;0;15;12
33144;1819;228;15;12;0;0;15;12
33145;1836;228;15;12;0;0;15;12
33146;1853;228;15;12;0;0;15;12
33178;1870;228;15;12;0;0;15;12
33180;1887;228;15;12;0;0;15;12
33181;1904;228;15;12;0;0;15;12
33192;1921;228;15;12;0;0;15;12
33203;1938;228;15;12;0;0;15;12
33222;1955;228;15;12;0;0;15;12
33235;1972;228;15;12;0;0;15;12
33251;1989;228;15;12;0;0;15;12
33256;2006;228;15;12;0;0;15;12
33258;2023;228;15;12;0;0;15;12
33261;0;243;15;12;0;0;15;12
33267;17;243;15;12;0;0;15;12
33268;34;243;15;12;0;0;15;12
33276;51;243;15;12;0;0;15;12
33288;68;243;15;12;0;0;15;12
33292;85;243;15;12;0;0;15;12
33294;102;243;15;12;0;0;15;12
33303;119;243;15;12;0;0;15;12
33310;136;243;15;12;0;0;15;12
33311;153;243;15;12;0;0;15;12
33322;170;243;15;12;0;0;15;12
33324;187;243;15;12;0;0;15;12
33334;204;243;15;12;0;0;15;12
33335;221;243;15;12;0;0;15;12
33337;238;243;15;12;0;0;15;12
33351;255;243;15;12;0;0;15;12
33382;272;243;15;12;0;0;15;12
33391;289;243;15;12;0;0;15;12
33394;306;243;15;12;0;0;15;12
33398;323;243;15;12;0;0;15;12
33419;340;243;15;12;0;0;15;12
33437;357;243;15;12;0;0;15;12
33455;374;243;15;12;0;0;15;12
33457;391;243;15;12;0;0;15;12
33459;408;243;15;12;0;0;15;12
33464;425;243;15;12;0;0;15;12
33469;442;243;15;12;0;0;15;12
33495;459;243;15;12;0;0;15;12
33499;476;243;15;12;0;0;15;12
33509;493;243;15;12;0;0;15;12
33510;510;243;15;12;0;0;15;12
33521;527;243;15;12;0;0;15;12
33538;544;243;15;12;0;0;15;12
33550;561;243;15;12;0;0;15;12
33576;578;243;15;12;0;0;15;12
33590;595;243;15;12;0;0;15;12
33609;612;243;15;12;0;0;15;12
33618;629;243;15;12;0;0;15;12
33624;646;243;15;12;0;0;15;12
33655;663;243;15;12;0;0;15;12
33738;680;243;15;12;0;0;15;12
33740;697;243;15;12;0;0;15;12
33747;714;243;15;12;0;0;15;12
33756;731;243;15;12;0;0;15;12
33775;748;243;15;12;0;0;15;12
33806;765;243;15;12;0;0;15;12
33853;782;243;15;12;0;0;15;12
33865;799;243;15;12;0;0;15;12
33879;816;243;15;12;0;0;15;12
33883;833;243;15;12;0;0;15;12
33900;850;243;15;12;0;0;15;12
33976;867;243;15;12;0;0;15;12
33988;884;243;15;12;0;0;15;12
33995;901;243;15;12;0;0;15;12
34065;918;243;15;12;0;0;15;12
34101;935;243;15;12;0;0;15;12
34109;952;243;15;12;0;0;15;12
34180;969;243;15;12;0;0;15;12
34214;986;243;15;12;0;0;15;12
34218;1003;243;15;12;0;0;15;12
34219;1020;243;15;12;0;0;15;12
34220;1037;243;15;12;0;0;15;12
34253;1054;243;15;12;0;0;15;12
34276;1071;243;15;12;0;0;15;12
34281;1088;243;15;12;0;0;15;12
34299;1105;243;15;12;0;0;15;12
34382;1122;243;15;12;0;0;15;12
34384;1139;243;15;12;0;0;15;12
34394;1156;243;15;12;0;0;15;12
34396;1173;243;15;12;0;0;15;12
34398;1190;243;15;12;0;0;15;12
34411;1207;243;15;12;0;0;15;12
34425;1224;243;15;12;0;0;15;12
34442;1241;243;15;12;0;0;15;12
34453;1258;243;15;12;0;0;15;12
34503;1275;243;15;12;0;0;15;12
34509;1292;243;15;12;0;0;15;12
34542;1309;243;15;12;0;0;15;12
34562;1326;243;15;12;0;0;15;12
34588;1343;243;15;12;0;0;15;12
34701;1360;243;15;12;0;0;15;12
34880;1377;243;15;12;0;0;15;12
34886;1394;243;15;12;0;0;15;12
34892;1411;243;15;12;0;0;15;12
34899;1428;243;15;12;0;0;15;12
34903;1445;243;15;12;0;0;15;12
34907;1462;243;15;12;0;0;15;12
34909;1479;243;15;12;0;0;15;12
34913;1496;243;15;12;0;0;15;12
34915;1513;243;15;12;0;0;15;12
34920;1530;243;15;12;0;0;15;12
34928;1547;243;15;12;0;0;15;12
34935;1564;243;15;12;0;0;15;12
34955;1581;243;15;12;0;0;15;12
34966;1598;243;15;12;0;0;15;12
34987;1615;243;15;12;0;0;15;12
35009;1632;243;15;12;0;0;15;12
35010;1649;243;15;12;0;0;15;12
35013;1666;243;15;12;0;0;15;12
35023;1683;243;15;12;0;0;15;12
35029;1700;243;15;12;0;0;15;12
35036;1717;243;15;12;0;0;15;12
35064;1734;243;15;12;0;0;15;12
35069;1751;243;15;12;0;0;15;12
35070;1768;243;15;12;0;0;15;12
35079;1785;243;15;12;0;0;15;12
35088;1802;243;15;12;0;0;15;12
35090;1819;243;15;12;0;0;15;12
35167;1836;243;15;12;0;0;15;12
35186;1853;243;15;12;0;0;15;12
35199;1870;243;15;12;0;0;15;12
35201;1887;243;15;12;0;0;15;12
35206;1904;243;15;12;0;0;15;12
35207;1921;243;15;12;0;0;15;12
35211;1938;243;15;12;0;0;15;12
35215;1955;243;15;12;0;0;15;12
35222;1972;243;15;12;0;0;15;12
35226;1989;243;15;12;0;0;15;12
35239;2006;243;15;12;0;0;15;12
35242;2023;243;15;12;0;0;15;12
35251;0;258;15;12;0;0;15;12
35282;17;258;15;12;0;0;15;12
35299;34;258;15;12;0;0;15;12
35302;51;258;15;12;0;0;15;12
35328;68;258;15;12;0;0;15;12
35330;85;258;15;12;0;0;15;12
35331;102;258;15;12;0;0;15;12
35336;119;258;15;12;0;0;15;12
35342;136;258;15;12;0;0;15;12
35347;153;258;15;12;0;0;15;12
35351;170;258;15;12;0;0;15;12
35352;187;258;15;12;0;0;15;12
35359;204;258;15;12;0;0;15;12
35370;221;258;15;12;0;0;15;12
35373;238;258;15;12;0;0;15;12
35377;255;258;15;12;0;0;15;12
35379;272;258;15;12;0;0;15;12
35380;289;258;15;12;0;0;15;12
35386;306;258;15;12;0;0;15;12
35388;323;258;15;12;0;0;15;12
35408;340;258;15;12;0;0;15;12
35412;357;258;15;12;0;0;15;12
35413;374;258;15;12;0;0;15;12
35422;391;258;15;12;0;0;15;12
35424;408;258;15;12;0;0;15;12
35427;425;258;15;12;0;0;15;12
35430;442;258;15;12;0;0;15;12
35433;459;258;15;12;0;0;15;12
35438;476;258;15;12;0;0;15;12
35440;493;258;15;12;0;0;15;12
35441;510;258;15;12;0;0;15;12
35442;527;258;15;12;0;0;15;12
35443;544;258;15;12;0;0;15;12
35463;561;258;15;12;0;0;15;12
35465;578;258;15;12;0;0;15;12
35468;595;258;15;12;0;0;15;12
35469;612;258;15;12;0;0;15;12
35475;629;258;15;12;0;0;15;12
35477;646;258;15;12;0;0;15;12
35480;663;258;15;12;0;0;15;12
35486;680;258;15;12;0;0;15;12
35488;697;258;15;12;0;0;15;12
35492;714;258;15;12;0;0;15;12
35500;731;258;15;12;0;0;15;12
35501;748;258;15;12;0;0;15;12
35504;765;258;15;12;0;0;15;12
35506;782;258;15;12;0;0;15;12
35519;799;258;15;12;0;0;15;12
35527;816;258;15;12;0;0;15;12
35531;833;258;15;12;0;0;15;12
35542;850;258;15;12;0;0;15;12
35558;867;258;15;12;0;0;15;12
35559;884;258;15;12;0;0;15;12
35565;901;258;15;12;0;0;15;12
35566;918;258;15;12;0;0;15;12
35576;935;258;15;12;0;0;15;12
35582;952;258;15;12;0;0;15;12
35584;969;258;15;12;0;0;15;12
35585;986;258;15;12;0;0;15;12
35588;1003;258;15;12;0;0;15;12
35598;1020;258;15;12;0;0;15;12
35609;1037;258;15;12;0;0;15;12
35611;1054;258;15;12;0;0;15;12
35613;1071;258;15;12;0;0;15;12
35617;1088;258;15;12;0;0;15;12
35641;1105;258;15;12;0;0;15;12
35672;1122;258;15;12;0;0;15;12
35676;1139;258;15;12;0;0;15;12
35686;1156;258;15;12;0;0;15;12
35696;1173;258;15;12;0;0;15;12
35698;1190;258;15;12;0;0;15;12
35703;1207;258;15;12;0;0;15;12
35895;1224;258;15;12;0;0;15;12
35910;1241;258;15;12;0;0;15;12
35914;1258;258;15;12;0;0;15;12
35930;1275;258;15;12;0;0;15;12
35937;1292;258;15;12;0;0;15;12
35946;1309;258;15;12;0;0;15;12
35980;1326;258;15;12;0;0;15;12
35997;1343;258;15;12;0;0;15;12
35998;1360;258;15;12;0;0;15;12
36000;1377;258;15;12;0;0;15;12
36001;1394;258;15;12;0;0;15;12
36002;1411;258;15;12;0;0;15;12
36007;1428;258;15;12;0;0;15;12
36008;1445;258;15;12;0;0;15;12
36009;1462;258;15;12;0;0;15;12
36010;1479;258;15;12;0;0;15;12
36011;1496;258;15;12;0;0;15;12
36012;1513;258;15;12;0;0;15;12
36015;1530;258;15;12;0;0;15;12
36020;1547;258;15;12;0;0;15;12
36023;1564;258;15;12;0;0;15;12
36024;1581;258;15;12;0;0;15;12
36027;1598;258;15;12;0;0;15;12
36028;1615;258;15;12;0;0;15;12
36031;1632;258;15;12;0;0;15;12
36032;1649;258;15;12;0;0;15;12
36034;1666;258;15;12;0;0;15;12
36035;1683;258;15;12;0;0;15;12
36036;1700;258;15;12;0;0;15;12
36039;1717;258;15;12;0;0;15;12
36042;1734;258;15;12;0;0;15;12
36051;1751;258;15;12;0;0;15;12
36059;1768;258;15;12;0;0;15;12
36060;1785;258;15;12;0;0;15;12
36062;1802;258;15;12;0;0;15;12
36064;1819;258;15;12;0;0;15;12
36066;1836;258;15;12;0;0;15;12
36070;1853;258;15;12;0;0;15;12
36074;1870;258;15;12;0;0;15;12
36077;1887;258;15;12;0;0;15;12
36092;1904;258;15;12;0;0;15;12
36104;1921;258;15;12;0;0;15;12
36196;1938;258;15;12;0;0;15;12
36198;1955;258;15;12;0;0;15;12
36208;1972;258;15;12;0;0;15;12
36212;1989;258;15;12;0;0;15;12
36215;2006;258;15;12;0;0;15;12
36229;2023;258;15;12;0;0;15;12
36234;0;273;15;12;0;0;15;12
36259;17;273;15;12;0;0;15;12
36275;34;273;15;12;0;0;15;12
36317;51;273;15;12;0;0;15;12
36321;68;273;15;12;0;0;15;12
36335;85;273;15;12;0;0;15;12
36339;102;273;15;12;0;0;15;12
36341;119;273;15;12;0;0;15;12
36362;136;273;15;12;0;0;15;12
36367;153;273;15;12;0;0;15;12
36394;170;273;15;12;0;0;15;12
36468;187;273;15;12;0;0;15;12
36493;204;273;15;12;0;0;15;12
36523;221;273;15;12;0;0;15;12
36554;238;273;15;12;0;0;15;12
36556;255;273;15;12;0;0;15;12
36557;272;273;15;12;0;0;15;12
36562;289;273;15;12;0;0;15;12
36575;306;273;15;12;0;0;15;12
36578;323;273;15;12;0;0;15;12
36600;340;273;15;12;0;0;15;12
36605;357;273;15;12;0;0;15;12
36611;374;273;15;12;0;0;15;12
36617;391;273;15;12;0;0;15;12
36637;408;273;15;12;0;0;15;12
36649;425;273;15;12;0;0;15;12
36650;442;273;15;12;0;0;15;12
36664;459;273;15;12;0;0;15;12
36676;476;273;15;12;0;0;15;12
36763;493;273;15;12;0;0;15;12
36766;510;273;15;12;0;0;15;12
36771;527;273;15;12;0;0;15;12
36785;544;273;15;12;0;0;15;12
36786;561;273;15;12;0;0;15;12
36794;578;273;15;12;0;0;15;12
36796;595;273;15;12;0;0;15;12
36805;612;273;15;12;0;0;15;12
36814;629;273;15;12;0;0;15;12
36817;646;273;15;12;0;0;15;12
36820;663;273;15;12;0;0;15;12
36843;680;273;15;12;0;0;15;12
36845;697;273;15;12;0;0;15;12
36848;714;273;15;12;0;0;15;12
36855;731;273;15;12;0;0;15;12
36861;748;273;15;12;0;0;15;12
36864;765;273;15;12;0;0;15;12
36865;782;273;15;12;0;0;15;12
36867;799;273;15;12;0;0;15;12
36870;816;273;15;12;0;0;15;12
36879;833;273;15;12;0;0;15;12
36880;850;273;15;12;0;0;15;12
36883;867;273;15;12;0;0;15;12
36884;884;273;15;12;0;0;15;12
36890;901;273;15;12;0;0;15;12
36893;918;273;15;12;0;0;15;12
36895;935;273;15;12;0;0;15;12
36896;952;273;15;12;0;0;15;12
36899;969;273;15;12;0;0;15;12
36910;986;273;15;12;0;0;15;12
36913;1003;273;15;12;0;0;15;12
36914;1020;273;15;12;0;0;15;12
36920;1037;273;15;12;0;0;15;12
36930;1054;273;15;12;0;0;15;12
36933;1071;273;15;12;0;0;15;12
36935;1088;273;15;12;0;0;15;12
36938;1105;273;15;12;0;0;15;12
36939;1122;273;15;12;0;0;15;12
36941;1139;273;15;12;0;0;15;12
36942;1156;273;15;12;0;0;15;12
36947;1173;273;15;12;0;0;15;12
36948;1190;273;15;12;0;0;15;12
36949;1207;273;15;12;0;0;15;12
36956;1224;273;15;12;0;0;15;12
36960;1241;273;15;12;0;0;15;12
36961;1258;273;15;12;0;0;15;12
36963;1275;273;15;12;0;0;15;12
36969;1292;273;15;12;0;0;15;12
36973;1309;273;15;12;0;0;15;12
36974;1326;273;15;12;0;0;15;12
36981;1343;273;15;12;0;0;15;12
36983;1360;273;15;12;0;0;15;12
36984;1377;273;15;12;0;0;15;12
36986;1394;273;15;12;0;0;15;12
36991;1411;273;15;12;0;0;15;12
36996;1428;273;15;12;0;0;15;12
37027;1445;273;15;12;0;0;15;12
37030;1462;273;15;12;0;0;15;12
37034;1479;273;15;12;0;0;15;12
37048;1496;273;15;12;0;0;15;12
37066;1513;273;15;12;0;0;15;12
37070;1530;273;15;12;0;0;15;12
37089;1547;273;15;12;0;0;15;12
37096;1564;273;15;12;0;0;15;12
37101;1581;273;15;12;0;0;15;12
37109;1598;273;15;12;0;0;15;12
37111;1615;273;15;12;0;0;15;12
37117;1632;273;15;12;0;0;15;12
37196;1649;273;15;12;0;0;15;12
37197;1666;273;15;12;0;0;15;12
37198;1683;273;15;12;0;0;15;12
37202;1700;273;15;12;0;0;15;12
37204;1717;273;15;12;0;0;15;12
37218;1734;273;15;12;0;0;15;12
37226;1751;273;15;12;0;0;15;12
37228;1768;273;15;12;0;0;15;12
37237;1785;273;15;12;0;0;15;12
37239;1802;273;15;12;0;0;15;12
37240;1819;273;15;12;0;0;15;12
37266;1836;273;15;12;0;0;15;12
37276;1853;273;15;12;0;0;15;12
37304;1870;273;15;12;0;0;15;12
37319;1887;273;15;12;0;0;15;12
37320;1904;273;15;12;0;0;15;12
37324;1921;273;15;12;0;0;15;12
37325;1938;273;15;12;0;0;15;12
37326;1955;273;15;12;0;0;15;12
37327;1972;273;15;12;0;0;15;12
37329;1989;273;15;12;0;0;15;12
37340;2006;273;15;12;0;0;15;12
37341;2023;273;15;12;0;0;15;12
37347;0;288;15;12;0;0;15;12
37389;17;288;15;12;0;0;15;12
37428;34;288;15;12;0;0;15;12
37444;51;288;15;12;0;0;15;12
37467;68;288;15;12;0;0;15;12
37474;85;288;15;12;0;0;15;12
37489;102;288;15;12;0;0;15;12
37504;119;288;15;12;0;0;15;12
37507;136;288;15;12;0;0;15;12
37509;153;288;15;12;0;0;15;12
37528;170;288;15;12;0;0;15;12
37549;187;288;15;12;0;0;15;12
37613;204;288;15;12;0;0;15;12
37619;221;288;15;12;0;0;15;12
37628;238;288;15;12;0;0;15;12
37664;255;288;15;12;0;0;15;12
37670;272;288;15;12;0;0;15;12
37676;289;288;15;12;0;0;15;12
37678;306;288;15;12;0;0;15;12
37679;323;288;15;12;0;0;15;12
37682;340;288;15;12;0;0;15;12
37707;357;288;15;12;0;0;15;12
37723;374;288;15;12;0;0;15;12
37749;391;288;15;12;0;0;15;12
37772;408;288;15;12;0;0;15;12
37782;425;288;15;12;0;0;15;12
37806;442;288;15;12;0;0;15;12
37857;459;288;15;12;0;0;15;12
37912;476;288;15;12;0;0;15;12
37969;493;288;15;12;0;0;15;12
38263;510;288;15;12;0;0;15;12
38272;527;288;15;12;0;0;15;12
38281;544;288;15;12;0;0;15;12
38283;561;288;15;12;0;0;15;12
38289;578;288;15;12;0;0;15;12
38291;595;288;15;12;0;0;15;12
38306;612;288;15;12;0;0;15;12
38307;629;288;15;12;0;0;15;12
38309;646;288;15;12;0;0;15;12
38322;663;288;15;12;0;0;15;12
38343;680;288;15;12;0;0;15;12
38360;697;288;15;12;0;0;15;12
38428;714;288;15;12;0;0;15;12
38442;731;288;15;12;0;0;15;12
38450;748;288;15;12;0;0;15;12
38459;765;288;15;12;0;0;15;12
38468;782;288;15;12;0;0;15;12
38477;799;288;15;12;0;0;15;12
38480;816;288;15;12;0;0;15;12
38491;833;288;15;12;0;0;15;12
38498;850;288;15;12;0;0;15;12
38499;867;288;15;12;0;0;15;12
38500;884;288;15;12;0;0;15;12
38501;901;288;15;12;0;0;15;12
38506;918;288;15;12;0;0;15;12
38512;935;288;15;12;0;0;15;12
38515;952;288;15;12;0;0;15;12
38517;969;288;15;12;0;0;15;12
38518;986;288;15;12;0;0;15;12
38520;1003;288;15;12;0;0;15;12
38522;1020;288;15;12;0;0;15;12
38525;1037;288;15;12;0;0;15;12
38533;1054;288;15;12;0;0;15;12
38534;1071;288;15;12;0;0;15;12
38538;1088;288;15;12;0;0;15;12
38542;1105;288;15;12;0;0;15;12
38543;1122;288;15;12;0;0;15;12
38548;1139;288;15;12;0;0;15;12
38553;1156;288;15;12;0;0;15;12
38555;1173;288;15;12;0;0;15;12
38556;1190;288;15;12;0;0;15;12
38560;1207;288;15;12;0;0;15;12
38563;1224;288;15;12;0;0;15;12
38583;1241;288;15;12;0;0;15;12
38587;1258;288;15;12;0;0;15;12
38596;1275;288;15;12;0;0;15;12
38597;1292;288;15;12;0;0;15;12
38598;1309;288;15;12;0;0;15;12
38599;1326;288;15;12;0;0;15;12
38604;1343;288;15;12;0;0;15;12
38609;1360;288;15;12;0;0;15;12
38626;1377;288;15;12;0;0;15;12
38627;1394;288;15;12;0;0;15;12
38632;1411;288;15;12;0;0;15;12
38634;1428;288;15;12;0;0;15;12
38640;1445;288;15;12;0;0;15;12
38642;1462;288;15;12;0;0;15;12
38646;1479;288;15;12;0;0;15;12
38647;1496;288;15;12;0;0;15;12
38651;1513;288;15;12;0;0;15;12
38656;1530;288;15;12;0;0;15;12
38663;1547;288;15;12;0;0;15;12
38666;1564;288;15;12;0;0;15;12
38684;1581;288;15;12;0;0;15;12
38695;1598;288;15;12;0;0;15;12
38706;1615;288;15;12;0;0;15;12
38738;1632;288;15;12;0;0;15;12
38745;1649;288;15;12;0;0;15;12
38750;1666;288;15;12;0;0;15;12
38754;1683;288;15;12;0;0;15;12
38761;1700;288;15;12;0;0;15;12
38772;1717;288;15;12;0;0;15;12
38867;1734;288;15;12;0;0;15;12
38899;1751;288;15;12;0;0;15;12
38907;1768;288;15;12;0;0;15;12
38911;1785;288;15;12;0;0;15;12
38914;1802;288;15;12;0;0;15;12
38915;1819;288;15;12;0;0;15;12
38917;1836;288;15;12;0;0;15;12
38918;1853;288;15;12;0;0;15;12
38920;1870;288;15;12;0;0;15;12
38928;1887;288;15;12;0;0;15;12
38929;1904;288;15;12;0;0;15;12
38930;1921;288;15;12;0;0;15;12
38931;1938;288;15;12;0;0;15;12
38936;1955;288;15;12;0;0;15;12
38957;1972;288;15;12;0;0;15;12
38960;1989;288;15;12;0;0;15;12
38971;2006;288;15;12;0;0;15;12
38972;2023;288;15;12;0;0;15;12
38988;0;303;15;12;0;0;15;12
38989;17;303;15;12;0;0;15;12
38990;34;303;15;12;0;0;15;12
38996;51;303;15;12;0;0;15;12
38997;68;303;15;12;0;0;15;12
39000;85;303;15;12;0;0;15;12
39006;102;303;15;12;0;0;15;12
39015;119;303;15;12;0;0;15;12
39080;136;303;15;12;0;0;15;12
39131;153;303;15;12;0;0;15;12
39135;170;303;15;12;0;0;15;12
39138;187;303;15;12;0;0;15;12
39151;204;303;15;12;0;0;15;12
39154;221;303;15;12;0;0;15;12
39164;238;303;15;12;0;0;15;12
39165;255;303;15;12;0;0;15;12
39166;272;303;15;12;0;0;15;12
39173;289;303;15;12;0;0;15;12
39178;306;303;15;12;0;0;15;12
39180;323;303;15;12;0;0;15;12
39187;340;303;15;12;0;0;15;12
39208;357;303;15;12;0;0;15;12
39318;374;303;15;12;0;0;15;12
39321;391;303;15;12;0;0;15;12
39340;408;303;15;12;0;0;15;12
39364;425;303;15;12;0;0;15;12
39365;442;303;15;12;0;0;15;12
39366;459;303;15;12;0;0;15;12
39376;476;303;15;12;0;0;15;12
39378;493;303;15;12;0;0;15;12
39438;510;303;15;12;0;0;15;12
39442;527;303;15;12;0;0;15;12
39443;544;303;15;12;0;0;15;12
39472;561;303;15;12;0;0;15;12
39514;578;303;15;12;0;0;15;12
39592;595;303;15;12;0;0;15;12
39608;612;303;15;12;0;0;15;12
39620;629;303;15;12;0;0;15;12
39640;646;303;15;12;0;0;15;12
39658;663;303;15;12;0;0;15;12
39729;680;303;15;12;0;0;15;12
39740;697;303;15;12;0;0;15;12
39746;714;303;15;12;0;0;15;12
39749;731;303;15;12;0;0;15;12
39764;748;303;15;12;0;0;15;12
39770;765;303;15;12;0;0;15;12
39854;782;303;15;12;0;0;15;12
39912;799;303;15;12;0;0;15;12
40165;816;303;15;12;0;0;15;12
40180;833;303;15;12;0;0;15;12
40335;850;303;15;12;0;0;15;12
40372;867;303;15;12;0;0;15;12
40575;884;303;15;12;0;0;15;12
40595;901;303;15;12;0;0;15;12
40599;918;303;15;12;0;0;15;12
40614;935;303;15;12;0;0;15;12
40634;952;303;15;12;0;0;15;12
40635;969;303;15;12;0;0;15;12
40644;986;303;15;12;0;0;15;12
40658;1003;303;15;12;0;0;15;12
40665;1020;303;15;12;0;0;15;12
40723;1037;303;15;12;0;0;15;12
40763;1054;303;15;12;0;0;15;12
40802;1071;303;15;12;0;0;15;12
65281;1088;303;15;12;0;0;15;12
65283;1105;303;15;12;0;0;15;12
65284;1122;303;15;12;0;0;15;12
65285;1139;303;15;12;0;0;15;12
65288;1156;303;15;12;0;0;15;12
65289;1173;303;15;12;0;0;15;12
65292;1190;303;15;12;0;0;15;12
65296;1207;303;15;12;0;0;15;12
65297;1224;303;15;12;0;0;15;12
65298;1241;303;15;12;0;0;15;12
65299;1258;303;15;12;0;0;15;12
65300;1275;303;15;12;0;0;15;12
65301;1292;303;15;12;0;0;15;12
65302;1309;303;15;12;0;0;15;12
65303;1326;303;15;12;0;0;15;12
65304;1343;303;15;12;0;0;15;12
65305;1360;303;15;12;0;0;15;12
65306;1377;303;15;12;0;0;15;12
65307;1394;303;15;12;0;0;15;12
65311;1411;303;15;12;0;0;15;12
65371;1428;303;15;12;0;0;15;12
65373;1445;303;15;12;0;0;15;12
65374;1462;303;15;12;0;0;15;12
65381;1479;303;15;12;0;0;15;12
65382;1496;303;15;12;0;0;15;12
65383;1513;303;15;12;0;0;15;12
65384;1530;303;15;12;0;0;15;12
65385;1547;303;15;12;0;0;15;12
65386;1564;303;15;12;0;0;15;12
65387;1581;303;15;12;0;0;15;12
65388;1598;303;15;12;0;0;15;12
65389;1615;303;15;12;0;0;15;12
65390;1632;303;15;12;0;0;15;12
65391;1649;303;15;12;0;0;15;12
65392;1666;303;15;12;0;0;15;12
65393;1683;303;15;12;0;0;15;12
65394;1700;303;15;12;0;0;15;12
65395;1717;303;15;12;0;0;15;12
65396;1734;303;15;12;0;0;15;12
65397;1751;303;15;12;0;0;15;12
65398;1768;303;15;12;0;0;15;12
65399;1785;303;15;12;0;0;15;12
65400;1802;303;15;12;0;0;15;12
65401;1819;303;15;12;0;0;15;12
65402;1836;303;15;12;0;0;15;12
65403;1853;303;15;12;0;0;15;12
65404;1870;303;15;12;0;0;15;12
65405;1887;303;15;12;0;0;15;12
65406;1904;303;15;12;0;0;15;12
65407;1921;303;15;12;0;0;15;12
65408;1938;303;15;12;0;0;15;12
65409;1955;303;15;12;0;0;15;12
65410;1972;303;15;12;0;0;15;12
65411;1989;303;15;12;0;0;15;12
65412;2006;303;15;12;0;0;15;12
65413;2023;303;15;12;0;0;15;12
65414;0;318;15;12;0;0;15;12
65415;17;318;15;12;0;0;15;12
65416;34;318;15;12;0;0;15;12
65417;51;318;15;12;0;0;15;12
65418;68;318;15;12;0;0;15;12
65419;85;318;15;12;0;0;15;12
65420;102;318;15;12;0;0;15;12
65421;119;318;15;12;0;0;15;12
65422;136;318;15;12;0;0;15;12
65423;153;318;15;12;0;0;15;12
65424;170;318;15;12;0;0;15;12
65425;187;318;15;12;0;0;15;12
65426;204;318;15;12;0;0;15;12
65427;221;318;15;12;0;0;15;12
65428;238;318;15;12;0;0;15;12
65429;255;318;15;12;0;0;15;12
65430;272;318;15;12;0;0;15;12
65431;289;318;15;12;0;0;15;12
65432;306;318;15;12;0;0;15;12
65433;323;318;15;12;0;0;15;12
65434;340;318;15;12;0;0;15;12
65435;357;318;15;12;0;0;15;12
65436;374;318;15;12;0;0;15;12
65437;391;318;15;12;0;0;15;12
65438;408;318;15;12;0;0;15;12
65439;425;318;15;12;0;0;15;12
65509;442;318;15;12;0;0;15;12
